{"type":"FeatureCollection","features":[{"type":"Feature","properties":{"id":"held-parallel","beat":"parallel","kind":"held","date":"25 Jun 1950","line":"38th parallel","held_by_north_pct":57,"computed_share_pct":58},"geometry":{"type":"Polygon","coordinates":[[[125.1212,38.0004],[125.1224,38.0004],[125.166,38.0004],[125.2097,38.0004],[125.2534,38.0004],[125.297,38.0004],[125.3407,38.0004],[125.3844,38.0004],[125.4281,38.0004],[125.4717,38.0004],[125.5154,38.0004],[125.5591,38.0004],[125.6028,38.0004],[125.6464,38.0004],[125.6901,38.0004],[125.7338,38.0004],[125.7775,38.0004],[125.8211,38.0004],[125.8648,38.0004],[125.9085,38.0004],[125.9522,38.0004],[125.9958,38.0004],[126.0395,38.0004],[126.0832,38.0004],[126.1269,38.0004],[126.1705,38.0004],[126.2142,38.0004],[126.2579,38.0004],[126.3015,38.0004],[126.3452,38.0004],[126.3889,38.0004],[126.4326,38.0004],[126.4762,38.0004],[126.5199,38.0004],[126.5636,38.0004],[126.6073,38.0004],[126.6509,38.0004],[126.6946,38.0004],[126.7383,38.0004],[126.782,38.0004],[126.8256,38.0004],[126.8693,38.0004],[126.913,38.0004],[126.9567,38.0004],[127.0003,38.0004],[127.044,38.0004],[127.0877,38.0004],[127.1314,38.0004],[127.175,38.0004],[127.2187,38.0004],[127.2624,38.0004],[127.3061,38.0004],[127.3497,38.0004],[127.3934,38.0004],[127.4371,38.0004],[127.4807,38.0004],[127.5244,38.0004],[127.5681,38.0004],[127.6118,38.0004],[127.6554,38.0004],[127.6991,38.0004],[127.7428,38.0004],[127.7865,38.0004],[127.8301,38.0004],[127.8738,38.0004],[127.9175,38.0004],[127.9612,38.0004],[128.0048,38.0004],[128.0485,38.0004],[128.0922,38.0004],[128.1359,38.0004],[128.1795,38.0004],[128.2232,38.0004],[128.2669,38.0004],[128.3106,38.0004],[128.3542,38.0004],[128.3979,38.0004],[128.4416,38.0004],[128.4852,38.0004],[128.5289,38.0004],[128.5726,38.0004],[128.6163,38.0004],[128.6599,38.0004],[128.7036,38.0004],[128.7473,38.0004],[128.791,38.0004],[128.7556,38.0004],[128.6449,38.1289],[128.5657,38.2896],[128.4758,38.4272],[128.4422,38.506],[128.3676,38.6265],[128.363,38.6802],[128.3493,38.6968],[128.3249,38.7123],[128.2853,38.7564],[128.2121,38.729],[128.0932,38.8444],[128.0185,38.8598],[127.9637,38.918],[127.9286,38.9358],[127.9179,38.9655],[127.9103,38.969],[127.892,38.9619],[127.889,38.9762],[127.8524,39.0034],[127.828,39.0449],[127.7625,39.1184],[127.6649,39.1231],[127.6482,39.1397],[127.6116,39.1539],[127.5354,39.148],[127.514,39.1586],[127.4927,39.1953],[127.4744,39.1953],[127.4744,39.1705],[127.4577,39.1669],[127.3952,39.2036],[127.3738,39.2414],[127.4028,39.3253],[127.3952,39.343],[127.418,39.343],[127.4287,39.3323],[127.4714,39.3406],[127.4744,39.3489],[127.4714,39.3666],[127.4577,39.3701],[127.4287,39.3595],[127.3921,39.3677],[127.3814,39.3795],[127.4287,39.3937],[127.4714,39.4326],[127.4973,39.4361],[127.511,39.4102],[127.5476,39.3725],[127.5293,39.3465],[127.5247,39.317],[127.5476,39.304],[127.5643,39.317],[127.5643,39.3465],[127.5217,39.5115],[127.54,39.5539],[127.5796,39.5962],[127.572,39.6197],[127.5537,39.6385],[127.514,39.6515],[127.5034,39.709],[127.5247,39.7477],[127.5537,39.763],[127.5643,39.7853],[127.5796,39.7993],[127.6116,39.8122],[127.6253,39.8322],[127.6512,39.8228],[127.6649,39.8087],[127.6832,39.8193],[127.6985,39.8497],[127.7305,39.8591],[127.7671,39.8568],[127.7945,39.8685],[127.7991,39.8779],[127.7838,39.8872],[127.8783,39.8954],[127.892,39.9633],[127.9103,39.9867],[127.9317,39.975],[127.9423,39.9762],[127.9682,40.0065],[128.0002,40.0217],[128.0109,40.0474],[128.1405,40.0288],[128.1588,40.0182],[128.1953,40.0323],[128.238,40.0323],[128.2304,40.0591],[128.238,40.0696],[128.267,40.079],[128.2853,40.0673],[128.3066,40.0358],[128.331,40.0299],[128.3416,40.0696],[128.3676,40.1],[128.4148,40.0977],[128.4392,40.1058],[128.4819,40.1373],[128.5108,40.1373],[128.5291,40.1455],[128.5474,40.1688],[128.5901,40.1886],[128.6297,40.1828],[128.6663,40.2026],[128.6693,40.2434],[128.6587,40.2597],[128.619,40.2737],[128.6221,40.2993],[128.6404,40.3156],[128.6587,40.3226],[128.6587,40.3121],[128.6739,40.3121],[128.6907,40.333],[128.7242,40.3412],[128.7562,40.3377],[128.7669,40.3482],[128.8172,40.3563],[128.8309,40.3703],[128.8644,40.3737],[128.9787,40.4632],[129.0336,40.476],[129.0793,40.4748],[129.1632,40.5676],[129.1738,40.5711],[129.1769,40.607],[129.1982,40.6406],[129.2195,40.6996],[129.2348,40.7077],[129.2744,40.7112],[129.2881,40.6857],[129.3064,40.6753],[129.3537,40.7482],[129.4283,40.784],[129.4786,40.7956],[129.5076,40.7944],[129.5335,40.8094],[129.5549,40.8129],[129.5549,40.8314],[129.5731,40.8429],[129.6661,40.8418],[129.6981,40.8487],[129.7088,40.8383],[129.721,40.8383],[129.7377,40.8741],[129.7347,40.8937],[129.756,40.9121],[129.756,40.941],[129.7667,40.9479],[129.7316,40.9813],[129.721,41.0596],[129.7316,41.0883],[129.7134,41.1251],[129.7606,41.2962],[129.7713,41.318],[129.788,41.3283],[129.8063,41.3787],[129.7987,41.389],[129.7713,41.389],[129.7606,41.3959],[129.7377,41.4245],[129.7164,41.4222],[129.6631,41.4679],[129.6554,41.4965],[129.6631,41.5296],[129.6524,41.5525],[129.6692,41.5799],[129.692,41.6529],[129.7164,41.678],[129.753,41.6996],[129.7774,41.7623],[129.814,41.7805],[129.8277,41.7805],[129.846,41.7623],[129.8536,41.7668],[129.8566,41.7839],[129.8719,41.7941],[129.8856,41.8283],[129.8856,41.8601],[129.9008,41.9078],[129.9145,41.9146],[129.9405,41.9078],[129.9466,41.8976],[129.9572,41.8953],[129.9648,41.9021],[129.9755,41.9453],[129.9862,41.9589],[130.0045,41.9646],[129.9831,41.985],[130.0045,41.994],[130.0045,42.0145],[130.0151,42.0179],[130.0304,41.9952],[130.0365,41.9986],[130.0471,42.0394],[130.0548,42.0541],[130.07,42.0541],[130.0761,42.0813],[130.0944,42.0938],[130.1233,42.0938],[130.1523,42.0779],[130.1706,42.0802],[130.163,42.0881],[130.1767,42.1017],[130.1874,42.1074],[130.2026,42.1051],[130.2026,42.1764],[130.2316,42.1866],[130.2956,42.2408],[130.3108,42.2408],[130.3169,42.2216],[130.3108,42.1866],[130.3322,42.1945],[130.3352,42.2171],[130.3535,42.2205],[130.3718,42.2352],[130.3611,42.2476],[130.3672,42.2589],[130.3794,42.2611],[130.4038,42.2453],[130.4068,42.2645],[130.3931,42.2679],[130.3855,42.295],[130.4068,42.3119],[130.4068,42.3289],[130.4221,42.3289],[130.4404,42.3131],[130.4587,42.3153],[130.4724,42.3255],[130.4693,42.339],[130.483,42.3435],[130.512,42.3401],[130.541,42.3221],[130.5699,42.3187],[130.5989,42.3018],[130.5989,42.2657],[130.7025,42.2984],[130.6629,42.3255],[130.6598,42.3875],[130.6492,42.4044],[130.5882,42.4359],[130.576,42.4495],[130.5257,42.553],[130.5196,42.6035],[130.5044,42.6136],[130.4861,42.6136],[130.4693,42.6035],[130.4587,42.5889],[130.4724,42.5732],[130.4693,42.5586],[130.4541,42.553],[130.4327,42.5653],[130.4297,42.6035],[130.4221,42.6091],[130.3931,42.6103],[130.3245,42.654],[130.3169,42.6709],[130.2636,42.7124],[130.2453,42.7471],[130.2559,42.8703],[130.2422,42.906],[130.195,42.9128],[130.1416,42.9116],[130.102,42.925],[130.131,42.9641],[130.134,42.9775],[130.1233,42.9854],[130.0471,42.9653],[129.9968,42.9653],[129.9725,42.9775],[129.9359,43.0121],[129.9222,43.0144],[129.8825,43.001],[129.8856,42.992],[129.9069,42.9809],[129.8642,42.9742],[129.8536,42.9653],[129.8505,42.9317],[129.7987,42.8401],[129.7926,42.7964],[129.7637,42.7505],[129.756,42.7258],[129.7606,42.7068],[129.788,42.6877],[129.788,42.681],[129.7743,42.6664],[129.7774,42.6507],[129.753,42.6462],[129.7423,42.6327],[129.7484,42.6192],[129.7637,42.6159],[129.7637,42.6103],[129.7377,42.5889],[129.7316,42.4787],[129.7057,42.4461],[129.6737,42.4416],[129.5945,42.4517],[129.5914,42.4145],[129.5655,42.4078],[129.5549,42.3807],[129.5366,42.374],[129.5183,42.3943],[129.4893,42.4055],[129.436,42.445],[129.3887,42.4314],[129.3643,42.4483],[129.343,42.4483],[129.3537,42.4247],[129.3384,42.4179],[129.3278,42.4292],[129.3171,42.4258],[129.3064,42.392],[129.2455,42.383],[129.2302,42.3627],[129.2302,42.3537],[129.2455,42.3424],[129.2378,42.3266],[129.1952,42.3221],[129.1952,42.3153],[129.2302,42.3018],[129.2195,42.295],[129.2134,42.2713],[129.1845,42.2577],[129.1875,42.2385],[129.2134,42.2385],[129.2134,42.2239],[129.1235,42.1526],[129.09,42.1458],[129.0656,42.1572],[129.0656,42.139],[129.029,42.1051],[128.965,42.0915],[128.9437,42.0394],[128.9071,42.0292],[128.8202,42.0473],[128.7242,42.0507],[128.712,42.0349],[128.6846,42.0292],[128.6114,42.0349],[128.5901,42.0247],[128.5764,42.0077],[128.5657,42.0043],[128.5474,42.0111],[128.5047,41.9986],[128.4575,42.0145],[128.4102,42.0122],[128.3676,42.0292],[128.2624,42.036],[128.1039,42.002],[128.0368,41.9975],[128.0216,41.968],[128.0505,41.8669],[128.0612,41.8533],[128.0932,41.8453],[128.1481,41.7577],[128.1618,41.7144],[128.2517,41.6632],[128.2853,41.6255],[128.2853,41.6084],[128.3066,41.5867],[128.2914,41.5479],[128.1877,41.4073],[128.1481,41.3787],[128.1085,41.3821],[128.1222,41.3959],[128.1085,41.4027],[128.0902,41.3924],[128.0688,41.3924],[128.0505,41.4027],[128.0536,41.4245],[128.0185,41.4165],[128.014,41.4634],[128.0033,41.4736],[127.9789,41.4531],[127.9469,41.4736],[127.9073,41.4702],[127.8844,41.4634],[127.8676,41.4416],[127.8524,41.4348],[127.8311,41.4359],[127.8128,41.4462],[127.7884,41.4393],[127.6939,41.4416],[127.6619,41.4496],[127.6406,41.4325],[127.6009,41.4531],[127.5613,41.4611],[127.5476,41.4714],[127.5476,41.4931],[127.5293,41.4874],[127.479,41.5022],[127.4317,41.4874],[127.4058,41.4874],[127.3814,41.5022],[127.3494,41.4931],[127.3098,41.4965],[127.2732,41.5091],[127.2915,41.5228],[127.2839,41.5342],[127.2489,41.5308],[127.2092,41.5491],[127.1833,41.5205],[127.1589,41.5342],[127.1361,41.5262],[127.133,41.5342],[127.1086,41.5411],[127.1223,41.5593],[127.1406,41.573],[127.1833,41.5879],[127.1696,41.5982],[127.101,41.6153],[127.1086,41.629],[127.0614,41.6461],[127.0538,41.6814],[127.0797,41.6848],[127.0461,41.7349],[127.0355,41.7349],[126.9852,41.7668],[126.9501,41.7691],[126.9425,41.7759],[126.9425,41.7975],[126.9318,41.8044],[126.8922,41.7873],[126.8663,41.7509],[126.813,41.7338],[126.7916,41.6996],[126.7306,41.7406],[126.7017,41.7441],[126.6834,41.7384],[126.691,41.727],[126.7306,41.7053],[126.6834,41.6746],[126.6224,41.6689],[126.5721,41.6175],[126.5859,41.5776],[126.5615,41.5376],[126.5462,41.4919],[126.5036,41.4382],[126.5249,41.381],[126.5249,41.3546],[126.4929,41.3466],[126.5036,41.3684],[126.4746,41.3707],[126.4456,41.3512],[126.3953,41.3065],[126.3588,41.2515],[126.313,41.2113],[126.2658,41.1458],[126.1515,41.0952],[126.1286,41.078],[126.1439,41.0596],[126.1042,41.0251],[126.1073,41.0124],[126.0783,40.9997],[126.0753,40.9836],[126.0494,40.9479],[126.0326,40.9375],[125.996,40.9306],[125.9854,40.9156],[126.0143,40.9156],[126.0097,40.9018],[125.9671,40.8937],[125.9381,40.8798],[125.9061,40.9018],[125.8878,40.9006],[125.8268,40.8718],[125.7659,40.8891],[125.7506,40.8706],[125.7125,40.8637],[125.6866,40.8498],[125.647,40.8129],[125.6866,40.7725],[125.6729,40.7655],[125.615,40.7632],[125.6043,40.7759],[125.5754,40.7875],[125.5647,40.7806],[125.5495,40.7285],[125.4809,40.7216],[125.4595,40.6961],[125.4565,40.6753],[125.4245,40.6695],[125.4169,40.6336],[125.3879,40.6371],[125.3772,40.6475],[125.3406,40.6441],[125.298,40.651],[125.2797,40.6452],[125.2614,40.6163],[125.1867,40.5966],[125.0785,40.5502],[125.0282,40.5375],[125.0206,40.5108],[125.0495,40.4725],[125.0465,40.4632],[124.9383,40.4574],[124.8987,40.4864],[124.856,40.4342],[124.8057,40.397],[124.7432,40.3737],[124.7188,40.3121],[124.6472,40.297],[124.574,40.2551],[124.5572,40.2388],[124.5527,40.2224],[124.5313,40.2166],[124.3728,40.1],[124.3942,40.0509],[124.417,40.0393],[124.5024,40.0252],[124.4704,40.0171],[124.4094,40.0299],[124.3881,40.0054],[124.3728,39.9422],[124.3378,39.927],[124.3271,39.9153],[124.3484,39.9024],[124.3667,39.8732],[124.4018,39.8685],[124.4231,39.8263],[124.4384,39.8322],[124.5679,39.8158],[124.571,39.7806],[124.5923,39.7689],[124.5893,39.7266],[124.6136,39.7161],[124.6289,39.6961],[124.6502,39.6996],[124.6502,39.6726],[124.6365,39.6656],[124.6319,39.6468],[124.6136,39.6303],[124.6213,39.6162],[124.6319,39.6127],[124.6289,39.5998],[124.6426,39.5927],[124.6533,39.615],[124.6792,39.6233],[124.7005,39.6397],[124.7219,39.6479],[124.7478,39.6468],[124.7325,39.6667],[124.7584,39.6738],[124.7615,39.6891],[124.7478,39.6926],[124.7584,39.736],[124.7432,39.763],[124.7508,39.7853],[124.7661,39.7501],[124.7767,39.7431],[124.8057,39.7419],[124.8087,39.7325],[124.8514,39.7231],[124.8849,39.7055],[124.8987,39.6938],[124.9063,39.6632],[124.9413,39.6479],[124.952,39.6656],[124.9627,39.6632],[124.9916,39.6397],[125.013,39.6362],[125.0419,39.6092],[125.0998,39.6045],[125.1212,39.5668],[125.176,39.5657],[125.1608,39.5927],[125.2294,39.5927],[125.2157,39.5739],[125.2401,39.5645],[125.2904,39.5233],[125.4489,39.5856],[125.4565,39.5727],[125.4534,39.5586],[125.4458,39.5492],[125.4169,39.5398],[125.4016,39.5033],[125.3483,39.4609],[125.3483,39.4361],[125.3879,39.442],[125.3635,39.4149],[125.3635,39.3996],[125.4641,39.3866],[125.4489,39.3677],[125.4275,39.3595],[125.4092,39.3666],[125.4245,39.3524],[125.4199,39.3229],[125.4489,39.3123],[125.3986,39.2485],[125.4169,39.2154],[125.3696,39.2225],[125.3483,39.2142],[125.3346,39.1953],[125.3483,39.1705],[125.3117,39.1669],[125.2904,39.1539],[125.298,39.1444],[125.2873,39.0911],[125.3376,39.084],[125.2766,39.0829],[125.2157,39.0034],[125.205,38.9762],[125.176,38.9406],[125.1395,38.8051],[125.1501,38.7778],[125.176,38.7647],[125.1943,38.7397],[125.2218,38.7409],[125.234,38.773],[125.2294,38.7968],[125.2446,38.7956],[125.2583,38.7849],[125.2583,38.7635],[125.2721,38.7564],[125.2477,38.729],[125.266,38.7087],[125.2843,38.704],[125.3117,38.7087],[125.301,38.723],[125.3056,38.7361],[125.3193,38.723],[125.3452,38.7195],[125.3559,38.723],[125.3589,38.7361],[125.3666,38.7361],[125.3772,38.723],[125.3909,38.7195],[125.4382,38.7373],[125.4169,38.7564],[125.4275,38.7564],[125.4412,38.7766],[125.4534,38.7778],[125.4809,38.729],[125.5312,38.723],[125.5937,38.6671],[125.6363,38.6599],[125.6607,38.6325],[125.6439,38.6277],[125.5891,38.6432],[125.5601,38.679],[125.5495,38.6802],[125.5357,38.6551],[125.5251,38.6528],[125.5098,38.6873],[125.4672,38.7087],[125.4565,38.7052],[125.4458,38.6873],[125.4016,38.6956],[125.3483,38.6885],[125.3056,38.6587],[125.2721,38.6718],[125.208,38.6528],[125.1821,38.6718],[125.1867,38.6432],[125.1821,38.6361],[125.1608,38.6325],[125.1425,38.6635],[125.1288,38.6671],[125.1212,38.6468],[125.1395,38.6265],[125.1395,38.592],[125.1318,38.58],[125.1075,38.5943],[125.0648,38.5693],[125.0419,38.592],[125.0206,38.5836],[125.0023,38.5943],[124.9886,38.592],[124.9855,38.586],[125.0023,38.5669],[124.9992,38.5371],[125.0252,38.5168],[125.0206,38.4989],[124.9779,38.4415],[124.9779,38.4642],[124.952,38.4523],[124.8849,38.3458],[124.8727,38.2836],[124.8773,38.2572],[124.92,38.2297],[124.9703,38.2357],[124.9962,38.2273],[124.923,38.1901],[124.8849,38.2309],[124.859,38.2273],[124.827,38.1865],[124.7828,38.1805],[124.7691,38.1565],[124.7508,38.1481],[124.7005,38.1457],[124.6792,38.1373],[124.6716,38.1265],[124.6822,38.1157],[124.7981,38.0989],[124.8453,38.1025],[124.8697,38.1073],[124.891,38.1325],[124.9093,38.1265],[124.9413,38.0989],[125.0175,38.0641],[125.1425,38.0989],[125.2111,38.0833],[125.269,38.0785],[125.2766,38.0641],[125.2583,38.0544],[125.2507,38.0208],[125.2294,38.0232],[125.2187,38.046],[125.205,38.0496],[125.1212,38.0436],[125.1105,38.0352],[125.1212,38.0004],[125.1212,38.0004]]]}},{"type":"Feature","properties":{"id":"front-parallel","beat":"parallel","kind":"front","date":"25 Jun 1950","line":"38th parallel"},"geometry":{"type":"Polygon","coordinates":[[[125.1212,38.0181],[125.1224,38.0181],[125.166,38.0181],[125.2097,38.0181],[125.2534,38.0181],[125.297,38.0181],[125.3407,38.0181],[125.3844,38.0181],[125.4281,38.0181],[125.4717,38.0181],[125.5154,38.0181],[125.5591,38.0181],[125.6028,38.0181],[125.6464,38.0181],[125.6901,38.0181],[125.7338,38.0181],[125.7775,38.0181],[125.8211,38.0181],[125.8648,38.0181],[125.9085,38.0181],[125.9522,38.0181],[125.9958,38.0181],[126.0395,38.0181],[126.0832,38.0181],[126.1269,38.0181],[126.1705,38.0181],[126.2142,38.0181],[126.2579,38.0181],[126.3015,38.0181],[126.3452,38.0181],[126.3889,38.0181],[126.4326,38.0181],[126.4762,38.0181],[126.5199,38.0181],[126.5636,38.0181],[126.6073,38.0181],[126.6509,38.0181],[126.6946,38.0181],[126.7383,38.0181],[126.782,38.0181],[126.8256,38.0181],[126.8693,38.0181],[126.913,38.0181],[126.9567,38.0181],[127.0003,38.0181],[127.044,38.0181],[127.0877,38.0181],[127.1314,38.0181],[127.175,38.0181],[127.2187,38.0181],[127.2624,38.0181],[127.3061,38.0181],[127.3497,38.0181],[127.3934,38.0181],[127.4371,38.0181],[127.4807,38.0181],[127.5244,38.0181],[127.5681,38.0181],[127.6118,38.0181],[127.6554,38.0181],[127.6991,38.0181],[127.7428,38.0181],[127.7865,38.0181],[127.8301,38.0181],[127.8738,38.0181],[127.9175,38.0181],[127.9612,38.0181],[128.0048,38.0181],[128.0485,38.0181],[128.0922,38.0181],[128.1359,38.0181],[128.1795,38.0181],[128.2232,38.0181],[128.2669,38.0181],[128.3106,38.0181],[128.3542,38.0181],[128.3979,38.0181],[128.4416,38.0181],[128.4852,38.0181],[128.5289,38.0181],[128.5726,38.0181],[128.6163,38.0181],[128.6599,38.0181],[128.7036,38.0181],[128.7473,38.0181],[128.791,38.0181],[128.7556,37.9827],[128.7556,38.0181],[128.791,37.9827],[128.7473,37.9827],[128.7036,37.9827],[128.6599,37.9827],[128.6163,37.9827],[128.5726,37.9827],[128.5289,37.9827],[128.4852,37.9827],[128.4416,37.9827],[128.3979,37.9827],[128.3542,37.9827],[128.3106,37.9827],[128.2669,37.9827],[128.2232,37.9827],[128.1795,37.9827],[128.1359,37.9827],[128.0922,37.9827],[128.0485,37.9827],[128.0048,37.9827],[127.9612,37.9827],[127.9175,37.9827],[127.8738,37.9827],[127.8301,37.9827],[127.7865,37.9827],[127.7428,37.9827],[127.6991,37.9827],[127.6554,37.9827],[127.6118,37.9827],[127.5681,37.9827],[127.5244,37.9827],[127.4807,37.9827],[127.4371,37.9827],[127.3934,37.9827],[127.3497,37.9827],[127.3061,37.9827],[127.2624,37.9827],[127.2187,37.9827],[127.175,37.9827],[127.1314,37.9827],[127.0877,37.9827],[127.044,37.9827],[127.0003,37.9827],[126.9567,37.9827],[126.913,37.9827],[126.8693,37.9827],[126.8256,37.9827],[126.782,37.9827],[126.7383,37.9827],[126.6946,37.9827],[126.6509,37.9827],[126.6073,37.9827],[126.5636,37.9827],[126.5199,37.9827],[126.4762,37.9827],[126.4326,37.9827],[126.3889,37.9827],[126.3452,37.9827],[126.3015,37.9827],[126.2579,37.9827],[126.2142,37.9827],[126.1705,37.9827],[126.1269,37.9827],[126.0832,37.9827],[126.0395,37.9827],[125.9958,37.9827],[125.9522,37.9827],[125.9085,37.9827],[125.8648,37.9827],[125.8211,37.9827],[125.7775,37.9827],[125.7338,37.9827],[125.6901,37.9827],[125.6464,37.9827],[125.6028,37.9827],[125.5591,37.9827],[125.5154,37.9827],[125.4717,37.9827],[125.4281,37.9827],[125.3844,37.9827],[125.3407,37.9827],[125.297,37.9827],[125.2534,37.9827],[125.2097,37.9827],[125.166,37.9827],[125.1224,37.9827],[125.1212,37.9827],[125.1212,38.0181]]]}},{"type":"Feature","properties":{"id":"held-july50","beat":"july50","kind":"held","date":"5 Jul 1950","line":"Kum River line","held_by_north_pct":68,"computed_share_pct":69},"geometry":{"type":"Polygon","coordinates":[[[126.1978,36.8862],[126.2268,36.8889],[126.262,36.8921],[126.2972,36.8953],[126.3325,36.8985],[126.3677,36.9017],[126.4029,36.9049],[126.4382,36.9081],[126.4734,36.9113],[126.5086,36.9145],[126.5439,36.9177],[126.5791,36.9209],[126.6143,36.9242],[126.6496,36.9274],[126.6848,36.9306],[126.72,36.9338],[126.7553,36.937],[126.7905,36.9402],[126.8257,36.9434],[126.861,36.9466],[126.8962,36.9498],[126.9286,36.9607],[126.9603,36.9734],[126.992,36.986],[127.0237,36.9987],[127.0554,37.0114],[127.0871,37.0241],[127.1188,37.0368],[127.1505,37.0494],[127.1822,37.0621],[127.2139,37.0748],[127.2456,37.0874],[127.2773,37.1001],[127.309,37.1128],[127.3407,37.1254],[127.3724,37.1381],[127.4042,37.1506],[127.4374,37.1606],[127.4706,37.1705],[127.5038,37.1804],[127.537,37.1903],[127.5702,37.2003],[127.6034,37.2102],[127.6366,37.2201],[127.6698,37.23],[127.703,37.24],[127.7362,37.2499],[127.7694,37.2598],[127.8026,37.2697],[127.8358,37.2796],[127.869,37.2895],[127.9022,37.2994],[127.9373,37.2962],[127.9725,37.2926],[128.0077,37.2891],[128.0429,37.2856],[128.0781,37.2821],[128.1133,37.2786],[128.1484,37.2751],[128.1836,37.2716],[128.2188,37.2681],[128.254,37.2646],[128.2892,37.2611],[128.3244,37.2576],[128.3595,37.2541],[128.3947,37.2506],[128.4259,37.2382],[128.456,37.2232],[128.486,37.2082],[128.5161,37.1932],[128.5461,37.1782],[128.5762,37.1632],[128.6062,37.1482],[128.6363,37.1332],[128.6663,37.1181],[128.6963,37.1031],[128.7264,37.0881],[128.7564,37.0731],[128.7865,37.0581],[128.8165,37.043],[128.8466,37.028],[128.8766,37.013],[128.9067,36.9979],[128.9367,36.9829],[128.9668,36.9678],[128.9968,36.9528],[129.0311,36.9467],[129.0661,36.9423],[129.1011,36.938],[129.1362,36.9336],[129.1712,36.9292],[129.2062,36.9248],[129.2413,36.9205],[129.2763,36.9161],[129.3113,36.9117],[129.3464,36.9073],[129.3814,36.903],[129.4164,36.8986],[129.4515,36.8942],[129.4328,36.8965],[129.4146,37.0175],[129.436,37.0613],[129.4329,37.0735],[129.3826,37.1307],[129.3323,37.2826],[129.2851,37.3251],[129.2744,37.3554],[129.1906,37.4706],[129.1632,37.4875],[129.1129,37.5976],[129.0763,37.6146],[129.0656,37.6798],[128.9254,37.8029],[128.6449,38.1289],[128.5657,38.2896],[128.4758,38.4272],[128.4422,38.506],[128.3676,38.6265],[128.363,38.6802],[128.3493,38.6968],[128.3249,38.7123],[128.2853,38.7564],[128.2121,38.729],[128.0932,38.8444],[128.0185,38.8598],[127.9637,38.918],[127.9286,38.9358],[127.9179,38.9655],[127.9103,38.969],[127.892,38.9619],[127.889,38.9762],[127.8524,39.0034],[127.828,39.0449],[127.7625,39.1184],[127.6649,39.1231],[127.6482,39.1397],[127.6116,39.1539],[127.5354,39.148],[127.514,39.1586],[127.4927,39.1953],[127.4744,39.1953],[127.4744,39.1705],[127.4577,39.1669],[127.3952,39.2036],[127.3738,39.2414],[127.4028,39.3253],[127.3952,39.343],[127.418,39.343],[127.4287,39.3323],[127.4714,39.3406],[127.4744,39.3489],[127.4714,39.3666],[127.4577,39.3701],[127.4287,39.3595],[127.3921,39.3677],[127.3814,39.3795],[127.4287,39.3937],[127.4714,39.4326],[127.4973,39.4361],[127.511,39.4102],[127.5476,39.3725],[127.5293,39.3465],[127.5247,39.317],[127.5476,39.304],[127.5643,39.317],[127.5643,39.3465],[127.5217,39.5115],[127.54,39.5539],[127.5796,39.5962],[127.572,39.6197],[127.5537,39.6385],[127.514,39.6515],[127.5034,39.709],[127.5247,39.7477],[127.5537,39.763],[127.5643,39.7853],[127.5796,39.7993],[127.6116,39.8122],[127.6253,39.8322],[127.6512,39.8228],[127.6649,39.8087],[127.6832,39.8193],[127.6985,39.8497],[127.7305,39.8591],[127.7671,39.8568],[127.7945,39.8685],[127.7991,39.8779],[127.7838,39.8872],[127.8783,39.8954],[127.892,39.9633],[127.9103,39.9867],[127.9317,39.975],[127.9423,39.9762],[127.9682,40.0065],[128.0002,40.0217],[128.0109,40.0474],[128.1405,40.0288],[128.1588,40.0182],[128.1953,40.0323],[128.238,40.0323],[128.2304,40.0591],[128.238,40.0696],[128.267,40.079],[128.2853,40.0673],[128.3066,40.0358],[128.331,40.0299],[128.3416,40.0696],[128.3676,40.1],[128.4148,40.0977],[128.4392,40.1058],[128.4819,40.1373],[128.5108,40.1373],[128.5291,40.1455],[128.5474,40.1688],[128.5901,40.1886],[128.6297,40.1828],[128.6663,40.2026],[128.6693,40.2434],[128.6587,40.2597],[128.619,40.2737],[128.6221,40.2993],[128.6404,40.3156],[128.6587,40.3226],[128.6587,40.3121],[128.6739,40.3121],[128.6907,40.333],[128.7242,40.3412],[128.7562,40.3377],[128.7669,40.3482],[128.8172,40.3563],[128.8309,40.3703],[128.8644,40.3737],[128.9787,40.4632],[129.0336,40.476],[129.0793,40.4748],[129.1632,40.5676],[129.1738,40.5711],[129.1769,40.607],[129.1982,40.6406],[129.2195,40.6996],[129.2348,40.7077],[129.2744,40.7112],[129.2881,40.6857],[129.3064,40.6753],[129.3537,40.7482],[129.4283,40.784],[129.4786,40.7956],[129.5076,40.7944],[129.5335,40.8094],[129.5549,40.8129],[129.5549,40.8314],[129.5731,40.8429],[129.6661,40.8418],[129.6981,40.8487],[129.7088,40.8383],[129.721,40.8383],[129.7377,40.8741],[129.7347,40.8937],[129.756,40.9121],[129.756,40.941],[129.7667,40.9479],[129.7316,40.9813],[129.721,41.0596],[129.7316,41.0883],[129.7134,41.1251],[129.7606,41.2962],[129.7713,41.318],[129.788,41.3283],[129.8063,41.3787],[129.7987,41.389],[129.7713,41.389],[129.7606,41.3959],[129.7377,41.4245],[129.7164,41.4222],[129.6631,41.4679],[129.6554,41.4965],[129.6631,41.5296],[129.6524,41.5525],[129.6692,41.5799],[129.692,41.6529],[129.7164,41.678],[129.753,41.6996],[129.7774,41.7623],[129.814,41.7805],[129.8277,41.7805],[129.846,41.7623],[129.8536,41.7668],[129.8566,41.7839],[129.8719,41.7941],[129.8856,41.8283],[129.8856,41.8601],[129.9008,41.9078],[129.9145,41.9146],[129.9405,41.9078],[129.9466,41.8976],[129.9572,41.8953],[129.9648,41.9021],[129.9755,41.9453],[129.9862,41.9589],[130.0045,41.9646],[129.9831,41.985],[130.0045,41.994],[130.0045,42.0145],[130.0151,42.0179],[130.0304,41.9952],[130.0365,41.9986],[130.0471,42.0394],[130.0548,42.0541],[130.07,42.0541],[130.0761,42.0813],[130.0944,42.0938],[130.1233,42.0938],[130.1523,42.0779],[130.1706,42.0802],[130.163,42.0881],[130.1767,42.1017],[130.1874,42.1074],[130.2026,42.1051],[130.2026,42.1764],[130.2316,42.1866],[130.2956,42.2408],[130.3108,42.2408],[130.3169,42.2216],[130.3108,42.1866],[130.3322,42.1945],[130.3352,42.2171],[130.3535,42.2205],[130.3718,42.2352],[130.3611,42.2476],[130.3672,42.2589],[130.3794,42.2611],[130.4038,42.2453],[130.4068,42.2645],[130.3931,42.2679],[130.3855,42.295],[130.4068,42.3119],[130.4068,42.3289],[130.4221,42.3289],[130.4404,42.3131],[130.4587,42.3153],[130.4724,42.3255],[130.4693,42.339],[130.483,42.3435],[130.512,42.3401],[130.541,42.3221],[130.5699,42.3187],[130.5989,42.3018],[130.5989,42.2657],[130.7025,42.2984],[130.6629,42.3255],[130.6598,42.3875],[130.6492,42.4044],[130.5882,42.4359],[130.576,42.4495],[130.5257,42.553],[130.5196,42.6035],[130.5044,42.6136],[130.4861,42.6136],[130.4693,42.6035],[130.4587,42.5889],[130.4724,42.5732],[130.4693,42.5586],[130.4541,42.553],[130.4327,42.5653],[130.4297,42.6035],[130.4221,42.6091],[130.3931,42.6103],[130.3245,42.654],[130.3169,42.6709],[130.2636,42.7124],[130.2453,42.7471],[130.2559,42.8703],[130.2422,42.906],[130.195,42.9128],[130.1416,42.9116],[130.102,42.925],[130.131,42.9641],[130.134,42.9775],[130.1233,42.9854],[130.0471,42.9653],[129.9968,42.9653],[129.9725,42.9775],[129.9359,43.0121],[129.9222,43.0144],[129.8825,43.001],[129.8856,42.992],[129.9069,42.9809],[129.8642,42.9742],[129.8536,42.9653],[129.8505,42.9317],[129.7987,42.8401],[129.7926,42.7964],[129.7637,42.7505],[129.756,42.7258],[129.7606,42.7068],[129.788,42.6877],[129.788,42.681],[129.7743,42.6664],[129.7774,42.6507],[129.753,42.6462],[129.7423,42.6327],[129.7484,42.6192],[129.7637,42.6159],[129.7637,42.6103],[129.7377,42.5889],[129.7316,42.4787],[129.7057,42.4461],[129.6737,42.4416],[129.5945,42.4517],[129.5914,42.4145],[129.5655,42.4078],[129.5549,42.3807],[129.5366,42.374],[129.5183,42.3943],[129.4893,42.4055],[129.436,42.445],[129.3887,42.4314],[129.3643,42.4483],[129.343,42.4483],[129.3537,42.4247],[129.3384,42.4179],[129.3278,42.4292],[129.3171,42.4258],[129.3064,42.392],[129.2455,42.383],[129.2302,42.3627],[129.2302,42.3537],[129.2455,42.3424],[129.2378,42.3266],[129.1952,42.3221],[129.1952,42.3153],[129.2302,42.3018],[129.2195,42.295],[129.2134,42.2713],[129.1845,42.2577],[129.1875,42.2385],[129.2134,42.2385],[129.2134,42.2239],[129.1235,42.1526],[129.09,42.1458],[129.0656,42.1572],[129.0656,42.139],[129.029,42.1051],[128.965,42.0915],[128.9437,42.0394],[128.9071,42.0292],[128.8202,42.0473],[128.7242,42.0507],[128.712,42.0349],[128.6846,42.0292],[128.6114,42.0349],[128.5901,42.0247],[128.5764,42.0077],[128.5657,42.0043],[128.5474,42.0111],[128.5047,41.9986],[128.4575,42.0145],[128.4102,42.0122],[128.3676,42.0292],[128.2624,42.036],[128.1039,42.002],[128.0368,41.9975],[128.0216,41.968],[128.0505,41.8669],[128.0612,41.8533],[128.0932,41.8453],[128.1481,41.7577],[128.1618,41.7144],[128.2517,41.6632],[128.2853,41.6255],[128.2853,41.6084],[128.3066,41.5867],[128.2914,41.5479],[128.1877,41.4073],[128.1481,41.3787],[128.1085,41.3821],[128.1222,41.3959],[128.1085,41.4027],[128.0902,41.3924],[128.0688,41.3924],[128.0505,41.4027],[128.0536,41.4245],[128.0185,41.4165],[128.014,41.4634],[128.0033,41.4736],[127.9789,41.4531],[127.9469,41.4736],[127.9073,41.4702],[127.8844,41.4634],[127.8676,41.4416],[127.8524,41.4348],[127.8311,41.4359],[127.8128,41.4462],[127.7884,41.4393],[127.6939,41.4416],[127.6619,41.4496],[127.6406,41.4325],[127.6009,41.4531],[127.5613,41.4611],[127.5476,41.4714],[127.5476,41.4931],[127.5293,41.4874],[127.479,41.5022],[127.4317,41.4874],[127.4058,41.4874],[127.3814,41.5022],[127.3494,41.4931],[127.3098,41.4965],[127.2732,41.5091],[127.2915,41.5228],[127.2839,41.5342],[127.2489,41.5308],[127.2092,41.5491],[127.1833,41.5205],[127.1589,41.5342],[127.1361,41.5262],[127.133,41.5342],[127.1086,41.5411],[127.1223,41.5593],[127.1406,41.573],[127.1833,41.5879],[127.1696,41.5982],[127.101,41.6153],[127.1086,41.629],[127.0614,41.6461],[127.0538,41.6814],[127.0797,41.6848],[127.0461,41.7349],[127.0355,41.7349],[126.9852,41.7668],[126.9501,41.7691],[126.9425,41.7759],[126.9425,41.7975],[126.9318,41.8044],[126.8922,41.7873],[126.8663,41.7509],[126.813,41.7338],[126.7916,41.6996],[126.7306,41.7406],[126.7017,41.7441],[126.6834,41.7384],[126.691,41.727],[126.7306,41.7053],[126.6834,41.6746],[126.6224,41.6689],[126.5721,41.6175],[126.5859,41.5776],[126.5615,41.5376],[126.5462,41.4919],[126.5036,41.4382],[126.5249,41.381],[126.5249,41.3546],[126.4929,41.3466],[126.5036,41.3684],[126.4746,41.3707],[126.4456,41.3512],[126.3953,41.3065],[126.3588,41.2515],[126.313,41.2113],[126.2658,41.1458],[126.1515,41.0952],[126.1286,41.078],[126.1439,41.0596],[126.1042,41.0251],[126.1073,41.0124],[126.0783,40.9997],[126.0753,40.9836],[126.0494,40.9479],[126.0326,40.9375],[125.996,40.9306],[125.9854,40.9156],[126.0143,40.9156],[126.0097,40.9018],[125.9671,40.8937],[125.9381,40.8798],[125.9061,40.9018],[125.8878,40.9006],[125.8268,40.8718],[125.7659,40.8891],[125.7506,40.8706],[125.7125,40.8637],[125.6866,40.8498],[125.647,40.8129],[125.6866,40.7725],[125.6729,40.7655],[125.615,40.7632],[125.6043,40.7759],[125.5754,40.7875],[125.5647,40.7806],[125.5495,40.7285],[125.4809,40.7216],[125.4595,40.6961],[125.4565,40.6753],[125.4245,40.6695],[125.4169,40.6336],[125.3879,40.6371],[125.3772,40.6475],[125.3406,40.6441],[125.298,40.651],[125.2797,40.6452],[125.2614,40.6163],[125.1867,40.5966],[125.0785,40.5502],[125.0282,40.5375],[125.0206,40.5108],[125.0495,40.4725],[125.0465,40.4632],[124.9383,40.4574],[124.8987,40.4864],[124.856,40.4342],[124.8057,40.397],[124.7432,40.3737],[124.7188,40.3121],[124.6472,40.297],[124.574,40.2551],[124.5572,40.2388],[124.5527,40.2224],[124.5313,40.2166],[124.3728,40.1],[124.3942,40.0509],[124.417,40.0393],[124.5024,40.0252],[124.4704,40.0171],[124.4094,40.0299],[124.3881,40.0054],[124.3728,39.9422],[124.3378,39.927],[124.3271,39.9153],[124.3484,39.9024],[124.3667,39.8732],[124.4018,39.8685],[124.4231,39.8263],[124.4384,39.8322],[124.5679,39.8158],[124.571,39.7806],[124.5923,39.7689],[124.5893,39.7266],[124.6136,39.7161],[124.6289,39.6961],[124.6502,39.6996],[124.6502,39.6726],[124.6365,39.6656],[124.6319,39.6468],[124.6136,39.6303],[124.6213,39.6162],[124.6319,39.6127],[124.6289,39.5998],[124.6426,39.5927],[124.6533,39.615],[124.6792,39.6233],[124.7005,39.6397],[124.7219,39.6479],[124.7478,39.6468],[124.7325,39.6667],[124.7584,39.6738],[124.7615,39.6891],[124.7478,39.6926],[124.7584,39.736],[124.7432,39.763],[124.7508,39.7853],[124.7661,39.7501],[124.7767,39.7431],[124.8057,39.7419],[124.8087,39.7325],[124.8514,39.7231],[124.8849,39.7055],[124.8987,39.6938],[124.9063,39.6632],[124.9413,39.6479],[124.952,39.6656],[124.9627,39.6632],[124.9916,39.6397],[125.013,39.6362],[125.0419,39.6092],[125.0998,39.6045],[125.1212,39.5668],[125.176,39.5657],[125.1608,39.5927],[125.2294,39.5927],[125.2157,39.5739],[125.2401,39.5645],[125.2904,39.5233],[125.4489,39.5856],[125.4565,39.5727],[125.4534,39.5586],[125.4458,39.5492],[125.4169,39.5398],[125.4016,39.5033],[125.3483,39.4609],[125.3483,39.4361],[125.3879,39.442],[125.3635,39.4149],[125.3635,39.3996],[125.4641,39.3866],[125.4489,39.3677],[125.4275,39.3595],[125.4092,39.3666],[125.4245,39.3524],[125.4199,39.3229],[125.4489,39.3123],[125.3986,39.2485],[125.4169,39.2154],[125.3696,39.2225],[125.3483,39.2142],[125.3346,39.1953],[125.3483,39.1705],[125.3117,39.1669],[125.2904,39.1539],[125.298,39.1444],[125.2873,39.0911],[125.3376,39.084],[125.2766,39.0829],[125.2157,39.0034],[125.205,38.9762],[125.176,38.9406],[125.1395,38.8051],[125.1501,38.7778],[125.176,38.7647],[125.1943,38.7397],[125.2218,38.7409],[125.234,38.773],[125.2294,38.7968],[125.2446,38.7956],[125.2583,38.7849],[125.2583,38.7635],[125.2721,38.7564],[125.2477,38.729],[125.266,38.7087],[125.2843,38.704],[125.3117,38.7087],[125.301,38.723],[125.3056,38.7361],[125.3193,38.723],[125.3452,38.7195],[125.3559,38.723],[125.3589,38.7361],[125.3666,38.7361],[125.3772,38.723],[125.3909,38.7195],[125.4382,38.7373],[125.4169,38.7564],[125.4275,38.7564],[125.4412,38.7766],[125.4534,38.7778],[125.4809,38.729],[125.5312,38.723],[125.5937,38.6671],[125.6363,38.6599],[125.6607,38.6325],[125.6439,38.6277],[125.5891,38.6432],[125.5601,38.679],[125.5495,38.6802],[125.5357,38.6551],[125.5251,38.6528],[125.5098,38.6873],[125.4672,38.7087],[125.4565,38.7052],[125.4458,38.6873],[125.4016,38.6956],[125.3483,38.6885],[125.3056,38.6587],[125.2721,38.6718],[125.208,38.6528],[125.1821,38.6718],[125.1867,38.6432],[125.1821,38.6361],[125.1608,38.6325],[125.1425,38.6635],[125.1288,38.6671],[125.1212,38.6468],[125.1395,38.6265],[125.1395,38.592],[125.1318,38.58],[125.1075,38.5943],[125.0648,38.5693],[125.0419,38.592],[125.0206,38.5836],[125.0023,38.5943],[124.9886,38.592],[124.9855,38.586],[125.0023,38.5669],[124.9992,38.5371],[125.0252,38.5168],[125.0206,38.4989],[124.9779,38.4415],[124.9779,38.4642],[124.952,38.4523],[124.8849,38.3458],[124.8727,38.2836],[124.8773,38.2572],[124.92,38.2297],[124.9703,38.2357],[124.9962,38.2273],[124.923,38.1901],[124.8849,38.2309],[124.859,38.2273],[124.827,38.1865],[124.7828,38.1805],[124.7691,38.1565],[124.7508,38.1481],[124.7005,38.1457],[124.6792,38.1373],[124.6716,38.1265],[124.6822,38.1157],[124.7981,38.0989],[124.8453,38.1025],[124.8697,38.1073],[124.891,38.1325],[124.9093,38.1265],[124.9413,38.0989],[125.0175,38.0641],[125.1425,38.0989],[125.2111,38.0833],[125.269,38.0785],[125.2766,38.0641],[125.2583,38.0544],[125.2507,38.0208],[125.2294,38.0232],[125.2187,38.046],[125.205,38.0496],[125.1212,38.0436],[125.1105,38.0352],[125.1212,38.0004],[125.1471,37.9835],[125.1715,37.9823],[125.1821,37.9895],[125.1898,37.9811],[125.1684,37.9643],[125.1395,37.9607],[125.0785,37.9811],[124.9962,37.9534],[124.9855,37.927],[125.0175,37.9402],[125.0099,37.9197],[125.0175,37.9065],[125.0678,37.8957],[125.0922,37.8788],[125.1791,37.868],[125.2111,37.8812],[125.2446,37.9306],[125.266,37.933],[125.2614,37.9149],[125.3056,37.8957],[125.3117,37.8788],[125.298,37.8607],[125.2553,37.839],[125.2446,37.8234],[125.3056,37.8234],[125.3117,37.8101],[125.33,37.8137],[125.3803,37.8439],[125.3513,37.8656],[125.4016,37.8656],[125.4489,37.8439],[125.4489,37.8607],[125.3879,37.8933],[125.4351,37.8993],[125.4275,37.9125],[125.4489,37.9209],[125.4672,37.9041],[125.5144,37.8945],[125.5144,37.8848],[125.4809,37.8571],[125.5037,37.8402],[125.5312,37.8439],[125.5281,37.8186],[125.5098,37.8137],[125.4595,37.8234],[125.4382,37.8198],[125.3955,37.7969],[125.3803,37.7824],[125.3986,37.7764],[125.4351,37.7812],[125.4489,37.7739],[125.3955,37.7546],[125.3666,37.7607],[125.3513,37.739],[125.3376,37.687],[125.3513,37.6762],[125.3666,37.6798],[125.3879,37.7172],[125.4412,37.7208],[125.4778,37.7317],[125.5068,37.78],[125.5312,37.7969],[125.5251,37.7812],[125.5312,37.7727],[125.554,37.7715],[125.5571,37.7824],[125.5754,37.7884],[125.586,37.7824],[125.5784,37.7739],[125.5967,37.7643],[125.6257,37.7655],[125.615,37.8065],[125.6439,37.8137],[125.647,37.8234],[125.6257,37.8366],[125.6439,37.8571],[125.6333,37.9029],[125.6363,37.927],[125.6729,37.8993],[125.6897,37.8993],[125.7186,37.9077],[125.7445,37.927],[125.7369,37.933],[125.7003,37.927],[125.7232,37.9534],[125.7049,37.9583],[125.6836,37.9534],[125.6897,37.9727],[125.679,37.9787],[125.6439,37.9739],[125.5997,37.9919],[125.583,38.01],[125.583,38.0268],[125.5997,38.0328],[125.6257,38.0328],[125.6897,38.0124],[125.7583,38.0064],[125.8025,37.9943],[125.8086,37.9522],[125.8375,37.9438],[125.8985,37.8656],[125.9244,37.8451],[125.9488,37.8439],[125.9884,37.8234],[125.9777,37.874],[125.9533,37.8896],[125.9488,37.9029],[125.964,37.9125],[126.0036,37.886],[126.0174,37.8559],[126.028,37.8535],[126.0616,37.8704],[126.0677,37.8029],[126.089,37.8017],[126.1149,37.7402],[126.1622,37.7341],[126.1682,37.7691],[126.1515,37.8198],[126.1622,37.8306],[126.2048,37.8451],[126.2627,37.8451],[126.3633,37.8848],[126.403,37.8933],[126.438,37.8487],[126.5782,37.7776],[126.5965,37.7739],[126.6544,37.7993],[126.6575,37.8149],[126.6727,37.8282],[126.6864,37.8366],[126.7047,37.8306],[126.6864,37.7944],[126.7047,37.7438],[126.6834,37.687],[126.7596,37.6375],[126.6941,37.6532],[126.6651,37.6726],[126.6727,37.7293],[126.6651,37.7571],[126.6514,37.7655],[126.6072,37.7546],[126.5508,37.7715],[126.5401,37.7691],[126.5356,37.7558],[126.5645,37.6073],[126.6072,37.5493],[126.6041,37.5081],[126.6118,37.4972],[126.6301,37.4996],[126.6331,37.5081],[126.6468,37.5045],[126.6438,37.496],[126.6072,37.4851],[126.5965,37.4718],[126.6011,37.4403],[126.6438,37.4148],[126.6179,37.3797],[126.6438,37.3639],[126.6697,37.3894],[126.72,37.3845],[126.723,37.3773],[126.691,37.3433],[126.6941,37.3336],[126.7367,37.3069],[126.787,37.2948],[126.8267,37.296],[126.8312,37.2875],[126.8556,37.2863],[126.8739,37.268],[126.8526,37.2656],[126.8236,37.2741],[126.8053,37.2535],[126.7947,37.2231],[126.784,37.2207],[126.7703,37.2316],[126.7703,37.2535],[126.755,37.2486],[126.7306,37.2595],[126.6834,37.2571],[126.6758,37.262],[126.6621,37.2535],[126.6834,37.2182],[126.723,37.2134],[126.7124,37.2],[126.6727,37.1866],[126.6727,37.1611],[126.7124,37.1648],[126.691,37.1392],[126.6941,37.1258],[126.7047,37.1234],[126.72,37.127],[126.7809,37.1769],[126.8053,37.1842],[126.8099,37.1648],[126.8343,37.1599],[126.8663,37.1793],[126.8739,37.1769],[126.8739,37.1575],[126.8663,37.1514],[126.813,37.1441],[126.7809,37.1319],[126.755,37.1003],[126.755,37.0698],[126.7596,37.0491],[126.8053,37.0382],[126.8419,37.0443],[126.8526,37.0382],[126.8632,37.0406],[126.8739,37.0905],[126.8815,37.1003],[126.8953,37.0954],[126.8846,37.0698],[126.9105,37.0333],[126.9135,37.0138],[126.8953,37.0223],[126.8739,37.0211],[126.8892,37.0077],[126.8267,37.0028],[126.8419,36.9748],[126.877,36.948],[126.9166,36.9297],[126.9501,36.926],[126.9715,36.9309],[126.9791,36.9394],[126.9745,36.9699],[126.9852,36.9809],[127.0461,36.9943],[127.0431,36.9821],[126.9958,36.9663],[127.0111,36.9529],[126.9928,36.9175],[126.9456,36.8919],[126.8632,36.8687],[126.9059,36.821],[126.8663,36.8284],[126.8739,36.8052],[126.8526,36.7538],[126.8343,36.7661],[126.8343,36.7746],[126.8495,36.7795],[126.8526,36.7881],[126.8343,36.832],[126.8419,36.8675],[126.8343,36.909],[126.8267,36.9175],[126.816,36.9163],[126.784,36.8906],[126.8023,36.9346],[126.7977,36.9553],[126.7627,36.9821],[126.6834,36.9943],[126.6697,36.9882],[126.6468,36.959],[126.6514,36.9248],[126.6331,36.9114],[126.6362,36.9382],[126.6255,36.9602],[126.6407,36.9821],[126.6301,36.9955],[126.5401,37.0491],[126.5036,37.0552],[126.5142,37.0162],[126.5356,37.0004],[126.5676,36.9907],[126.5752,36.9772],[126.5432,36.9772],[126.5112,37.0077],[126.5005,37.0077],[126.4959,36.9968],[126.5721,36.9309],[126.5859,36.898],[126.5645,36.9041],[126.5539,36.926],[126.5218,36.948],[126.4883,36.8418],[126.4715,36.854],[126.4715,36.9175],[126.4822,36.9358],[126.4715,36.9565],[126.4639,36.959],[126.4426,36.9468],[126.435,36.9614],[126.4563,36.9907],[126.4487,37.0041],[126.3953,37.0077],[126.3953,36.9907],[126.3557,37.0004],[126.3374,36.987],[126.374,36.9833],[126.3816,36.9748],[126.374,36.9602],[126.3588,36.9687],[126.3557,36.9553],[126.3816,36.9419],[126.406,36.9419],[126.4243,36.9224],[126.4213,36.8992],[126.406,36.8809],[126.3816,36.8772],[126.3816,36.8699],[126.4106,36.8638],[126.4106,36.8565],[126.3771,36.8504],[126.371,36.8345],[126.342,36.8565],[126.3313,36.8467],[126.3588,36.7893],[126.3313,36.8052],[126.3191,36.8052],[126.2947,36.7893],[126.2841,36.8113],[126.313,36.8284],[126.3054,36.8565],[126.3268,36.8821],[126.3085,36.9309],[126.313,36.9663],[126.2871,36.9614],[126.281,36.8736],[126.2338,36.8723],[126.2368,36.9041],[126.2124,36.898],[126.1978,36.8862]]]}},{"type":"Feature","properties":{"id":"front-july50","beat":"july50","kind":"front","date":"5 Jul 1950","line":"Kum River line"},"geometry":{"type":"Polygon","coordinates":[[[126.1952,36.9041],[126.2242,36.9068],[126.2595,36.91],[126.2947,36.9132],[126.3299,36.9164],[126.3652,36.9196],[126.4004,36.9228],[126.4356,36.926],[126.4709,36.9292],[126.5061,36.9324],[126.5413,36.9356],[126.5766,36.9388],[126.6118,36.942],[126.647,36.9452],[126.6823,36.9484],[126.7175,36.9516],[126.7527,36.9548],[126.7879,36.958],[126.8232,36.9612],[126.8584,36.9644],[126.8905,36.9672],[126.9192,36.977],[126.9502,36.9894],[126.9819,37.0021],[127.0136,37.0148],[127.0453,37.0275],[127.077,37.0401],[127.1087,37.0528],[127.1404,37.0655],[127.1721,37.0781],[127.2038,37.0908],[127.2356,37.1035],[127.2673,37.1161],[127.299,37.1288],[127.3307,37.1415],[127.3624,37.1541],[127.3953,37.1671],[127.4295,37.1773],[127.4627,37.1873],[127.4959,37.1972],[127.5291,37.2071],[127.5623,37.217],[127.5955,37.2269],[127.6287,37.2369],[127.6619,37.2468],[127.6951,37.2567],[127.7283,37.2666],[127.7615,37.2765],[127.7947,37.2865],[127.8279,37.2964],[127.8611,37.3063],[127.8995,37.3172],[127.94,37.3139],[127.9753,37.3104],[128.0105,37.3069],[128.0457,37.3034],[128.0809,37.2999],[128.1161,37.2964],[128.1512,37.2929],[128.1864,37.2894],[128.2216,37.2859],[128.2568,37.2824],[128.292,37.2789],[128.3272,37.2754],[128.3623,37.2718],[128.4012,37.2677],[128.4369,37.2538],[128.4679,37.2383],[128.498,37.2233],[128.528,37.2084],[128.5581,37.1934],[128.5881,37.1784],[128.6181,37.1633],[128.6482,37.1483],[128.6782,37.1333],[128.7083,37.1183],[128.7383,37.1033],[128.7684,37.0883],[128.7984,37.0733],[128.8285,37.0582],[128.8585,37.0432],[128.8886,37.0282],[128.9186,37.0131],[128.9487,36.9981],[128.9787,36.9831],[129.0054,36.9694],[129.0352,36.9644],[129.0696,36.9601],[129.1046,36.9557],[129.1396,36.9513],[129.1747,36.947],[129.2097,36.9426],[129.2447,36.9382],[129.2798,36.9338],[129.3148,36.9295],[129.3498,36.9251],[129.3849,36.9207],[129.4199,36.9163],[129.4549,36.912],[129.4293,36.8788],[129.4363,36.9143],[129.448,36.8764],[129.413,36.8808],[129.3779,36.8852],[129.3429,36.8896],[129.3079,36.8939],[129.2728,36.8983],[129.2378,36.9027],[129.2028,36.9071],[129.1677,36.9115],[129.1327,36.9158],[129.0976,36.9202],[129.0626,36.9246],[129.0269,36.9291],[128.9883,36.9362],[128.9548,36.9526],[128.9248,36.9677],[128.8947,36.9827],[128.8647,36.9977],[128.8346,37.0128],[128.8046,37.0278],[128.7745,37.0429],[128.7445,37.0579],[128.7145,37.0729],[128.6844,37.0879],[128.6544,37.1029],[128.6243,37.118],[128.5943,37.133],[128.5642,37.148],[128.5342,37.163],[128.5041,37.178],[128.4741,37.193],[128.444,37.208],[128.4149,37.2226],[128.3882,37.2334],[128.3568,37.2363],[128.3216,37.2398],[128.2864,37.2433],[128.2512,37.2469],[128.216,37.2504],[128.1808,37.2539],[128.1456,37.2574],[128.1105,37.2609],[128.0753,37.2644],[128.0401,37.2679],[128.0049,37.2714],[127.9697,37.2749],[127.9346,37.2784],[127.9049,37.2817],[127.8769,37.2728],[127.8437,37.2629],[127.8105,37.253],[127.7773,37.243],[127.7441,37.2331],[127.7109,37.2232],[127.6777,37.2133],[127.6445,37.2033],[127.6113,37.1934],[127.5781,37.1835],[127.5449,37.1736],[127.5117,37.1636],[127.4785,37.1537],[127.4453,37.1438],[127.4132,37.1342],[127.3825,37.122],[127.3508,37.1094],[127.3191,37.0967],[127.2874,37.0841],[127.2557,37.0714],[127.224,37.0587],[127.1923,37.0461],[127.1606,37.0334],[127.1289,37.0207],[127.0972,37.008],[127.0655,36.9953],[127.0337,36.9827],[127.002,36.97],[126.9703,36.9573],[126.938,36.9443],[126.9019,36.9324],[126.8635,36.9287],[126.8283,36.9255],[126.793,36.9223],[126.7578,36.9191],[126.7226,36.9159],[126.6873,36.9127],[126.6521,36.9095],[126.6169,36.9063],[126.5816,36.9031],[126.5464,36.8999],[126.5112,36.8967],[126.4759,36.8935],[126.4407,36.8903],[126.4055,36.8871],[126.3703,36.8838],[126.335,36.8806],[126.2998,36.8774],[126.2646,36.8742],[126.2293,36.871],[126.2003,36.8684],[126.1952,36.9041]]]}},{"type":"Feature","properties":{"id":"held-pusan","beat":"pusan","kind":"held","date":"4 Aug – 15 Sep 1950","line":"Pusan Perimeter (Naktong)","held_by_north_pct":94,"computed_share_pct":95},"geometry":{"type":"Polygon","coordinates":[[[128.302,34.9067],[128.302,34.9091],[128.302,34.9356],[128.3095,34.9606],[128.3237,34.9844],[128.338,35.0081],[128.3522,35.0318],[128.3665,35.0556],[128.3807,35.0793],[128.395,35.103],[128.4093,35.1267],[128.4235,35.1504],[128.4378,35.1741],[128.452,35.1978],[128.448,35.2237],[128.4427,35.2497],[128.4375,35.2757],[128.4322,35.3017],[128.427,35.3277],[128.4217,35.3537],[128.4165,35.3797],[128.4112,35.4057],[128.4059,35.4316],[128.4007,35.4576],[128.3955,35.4836],[128.3903,35.5095],[128.3851,35.5355],[128.3799,35.5614],[128.3747,35.5873],[128.3695,35.6132],[128.3643,35.6391],[128.3591,35.665],[128.3539,35.6909],[128.3487,35.7168],[128.3435,35.7427],[128.3383,35.7686],[128.3331,35.7944],[128.3279,35.8203],[128.3227,35.8461],[128.3175,35.8719],[128.3123,35.8978],[128.3071,35.9236],[128.3024,35.9493],[128.3227,35.9696],[128.3431,35.9899],[128.3634,36.0102],[128.3838,36.0305],[128.4041,36.0508],[128.4244,36.071],[128.4448,36.0913],[128.4703,36.1063],[128.4992,36.1179],[128.5282,36.1295],[128.5571,36.141],[128.5861,36.1526],[128.615,36.1641],[128.644,36.1757],[128.6729,36.1872],[128.7019,36.1988],[128.7317,36.2088],[128.7615,36.2188],[128.7914,36.2287],[128.8212,36.2387],[128.8511,36.2487],[128.8809,36.2586],[128.9108,36.2686],[128.9406,36.2785],[128.9704,36.2885],[129.0003,36.2985],[129.0318,36.2939],[129.0635,36.2888],[129.0951,36.2836],[129.1268,36.2784],[129.1584,36.2732],[129.1901,36.268],[129.2217,36.2628],[129.2534,36.2576],[129.285,36.2524],[129.3163,36.2461],[129.3471,36.2384],[129.378,36.2306],[129.4088,36.2229],[129.3887,36.228],[129.3887,36.3235],[129.3933,36.3419],[129.436,36.3886],[129.4436,36.4071],[129.4497,36.4942],[129.4253,36.6168],[129.4649,36.6915],[129.4756,36.7306],[129.4725,36.7722],[129.439,36.8552],[129.4146,37.0175],[129.436,37.0613],[129.4329,37.0735],[129.3826,37.1307],[129.3323,37.2826],[129.2851,37.3251],[129.2744,37.3554],[129.1906,37.4706],[129.1632,37.4875],[129.1129,37.5976],[129.0763,37.6146],[129.0656,37.6798],[128.9254,37.8029],[128.6449,38.1289],[128.5657,38.2896],[128.4758,38.4272],[128.4422,38.506],[128.3676,38.6265],[128.363,38.6802],[128.3493,38.6968],[128.3249,38.7123],[128.2853,38.7564],[128.2121,38.729],[128.0932,38.8444],[128.0185,38.8598],[127.9637,38.918],[127.9286,38.9358],[127.9179,38.9655],[127.9103,38.969],[127.892,38.9619],[127.889,38.9762],[127.8524,39.0034],[127.828,39.0449],[127.7625,39.1184],[127.6649,39.1231],[127.6482,39.1397],[127.6116,39.1539],[127.5354,39.148],[127.514,39.1586],[127.4927,39.1953],[127.4744,39.1953],[127.4744,39.1705],[127.4577,39.1669],[127.3952,39.2036],[127.3738,39.2414],[127.4028,39.3253],[127.3952,39.343],[127.418,39.343],[127.4287,39.3323],[127.4714,39.3406],[127.4744,39.3489],[127.4714,39.3666],[127.4577,39.3701],[127.4287,39.3595],[127.3921,39.3677],[127.3814,39.3795],[127.4287,39.3937],[127.4714,39.4326],[127.4973,39.4361],[127.511,39.4102],[127.5476,39.3725],[127.5293,39.3465],[127.5247,39.317],[127.5476,39.304],[127.5643,39.317],[127.5643,39.3465],[127.5217,39.5115],[127.54,39.5539],[127.5796,39.5962],[127.572,39.6197],[127.5537,39.6385],[127.514,39.6515],[127.5034,39.709],[127.5247,39.7477],[127.5537,39.763],[127.5643,39.7853],[127.5796,39.7993],[127.6116,39.8122],[127.6253,39.8322],[127.6512,39.8228],[127.6649,39.8087],[127.6832,39.8193],[127.6985,39.8497],[127.7305,39.8591],[127.7671,39.8568],[127.7945,39.8685],[127.7991,39.8779],[127.7838,39.8872],[127.8783,39.8954],[127.892,39.9633],[127.9103,39.9867],[127.9317,39.975],[127.9423,39.9762],[127.9682,40.0065],[128.0002,40.0217],[128.0109,40.0474],[128.1405,40.0288],[128.1588,40.0182],[128.1953,40.0323],[128.238,40.0323],[128.2304,40.0591],[128.238,40.0696],[128.267,40.079],[128.2853,40.0673],[128.3066,40.0358],[128.331,40.0299],[128.3416,40.0696],[128.3676,40.1],[128.4148,40.0977],[128.4392,40.1058],[128.4819,40.1373],[128.5108,40.1373],[128.5291,40.1455],[128.5474,40.1688],[128.5901,40.1886],[128.6297,40.1828],[128.6663,40.2026],[128.6693,40.2434],[128.6587,40.2597],[128.619,40.2737],[128.6221,40.2993],[128.6404,40.3156],[128.6587,40.3226],[128.6587,40.3121],[128.6739,40.3121],[128.6907,40.333],[128.7242,40.3412],[128.7562,40.3377],[128.7669,40.3482],[128.8172,40.3563],[128.8309,40.3703],[128.8644,40.3737],[128.9787,40.4632],[129.0336,40.476],[129.0793,40.4748],[129.1632,40.5676],[129.1738,40.5711],[129.1769,40.607],[129.1982,40.6406],[129.2195,40.6996],[129.2348,40.7077],[129.2744,40.7112],[129.2881,40.6857],[129.3064,40.6753],[129.3537,40.7482],[129.4283,40.784],[129.4786,40.7956],[129.5076,40.7944],[129.5335,40.8094],[129.5549,40.8129],[129.5549,40.8314],[129.5731,40.8429],[129.6661,40.8418],[129.6981,40.8487],[129.7088,40.8383],[129.721,40.8383],[129.7377,40.8741],[129.7347,40.8937],[129.756,40.9121],[129.756,40.941],[129.7667,40.9479],[129.7316,40.9813],[129.721,41.0596],[129.7316,41.0883],[129.7134,41.1251],[129.7606,41.2962],[129.7713,41.318],[129.788,41.3283],[129.8063,41.3787],[129.7987,41.389],[129.7713,41.389],[129.7606,41.3959],[129.7377,41.4245],[129.7164,41.4222],[129.6631,41.4679],[129.6554,41.4965],[129.6631,41.5296],[129.6524,41.5525],[129.6692,41.5799],[129.692,41.6529],[129.7164,41.678],[129.753,41.6996],[129.7774,41.7623],[129.814,41.7805],[129.8277,41.7805],[129.846,41.7623],[129.8536,41.7668],[129.8566,41.7839],[129.8719,41.7941],[129.8856,41.8283],[129.8856,41.8601],[129.9008,41.9078],[129.9145,41.9146],[129.9405,41.9078],[129.9466,41.8976],[129.9572,41.8953],[129.9648,41.9021],[129.9755,41.9453],[129.9862,41.9589],[130.0045,41.9646],[129.9831,41.985],[130.0045,41.994],[130.0045,42.0145],[130.0151,42.0179],[130.0304,41.9952],[130.0365,41.9986],[130.0471,42.0394],[130.0548,42.0541],[130.07,42.0541],[130.0761,42.0813],[130.0944,42.0938],[130.1233,42.0938],[130.1523,42.0779],[130.1706,42.0802],[130.163,42.0881],[130.1767,42.1017],[130.1874,42.1074],[130.2026,42.1051],[130.2026,42.1764],[130.2316,42.1866],[130.2956,42.2408],[130.3108,42.2408],[130.3169,42.2216],[130.3108,42.1866],[130.3322,42.1945],[130.3352,42.2171],[130.3535,42.2205],[130.3718,42.2352],[130.3611,42.2476],[130.3672,42.2589],[130.3794,42.2611],[130.4038,42.2453],[130.4068,42.2645],[130.3931,42.2679],[130.3855,42.295],[130.4068,42.3119],[130.4068,42.3289],[130.4221,42.3289],[130.4404,42.3131],[130.4587,42.3153],[130.4724,42.3255],[130.4693,42.339],[130.483,42.3435],[130.512,42.3401],[130.541,42.3221],[130.5699,42.3187],[130.5989,42.3018],[130.5989,42.2657],[130.7025,42.2984],[130.6629,42.3255],[130.6598,42.3875],[130.6492,42.4044],[130.5882,42.4359],[130.576,42.4495],[130.5257,42.553],[130.5196,42.6035],[130.5044,42.6136],[130.4861,42.6136],[130.4693,42.6035],[130.4587,42.5889],[130.4724,42.5732],[130.4693,42.5586],[130.4541,42.553],[130.4327,42.5653],[130.4297,42.6035],[130.4221,42.6091],[130.3931,42.6103],[130.3245,42.654],[130.3169,42.6709],[130.2636,42.7124],[130.2453,42.7471],[130.2559,42.8703],[130.2422,42.906],[130.195,42.9128],[130.1416,42.9116],[130.102,42.925],[130.131,42.9641],[130.134,42.9775],[130.1233,42.9854],[130.0471,42.9653],[129.9968,42.9653],[129.9725,42.9775],[129.9359,43.0121],[129.9222,43.0144],[129.8825,43.001],[129.8856,42.992],[129.9069,42.9809],[129.8642,42.9742],[129.8536,42.9653],[129.8505,42.9317],[129.7987,42.8401],[129.7926,42.7964],[129.7637,42.7505],[129.756,42.7258],[129.7606,42.7068],[129.788,42.6877],[129.788,42.681],[129.7743,42.6664],[129.7774,42.6507],[129.753,42.6462],[129.7423,42.6327],[129.7484,42.6192],[129.7637,42.6159],[129.7637,42.6103],[129.7377,42.5889],[129.7316,42.4787],[129.7057,42.4461],[129.6737,42.4416],[129.5945,42.4517],[129.5914,42.4145],[129.5655,42.4078],[129.5549,42.3807],[129.5366,42.374],[129.5183,42.3943],[129.4893,42.4055],[129.436,42.445],[129.3887,42.4314],[129.3643,42.4483],[129.343,42.4483],[129.3537,42.4247],[129.3384,42.4179],[129.3278,42.4292],[129.3171,42.4258],[129.3064,42.392],[129.2455,42.383],[129.2302,42.3627],[129.2302,42.3537],[129.2455,42.3424],[129.2378,42.3266],[129.1952,42.3221],[129.1952,42.3153],[129.2302,42.3018],[129.2195,42.295],[129.2134,42.2713],[129.1845,42.2577],[129.1875,42.2385],[129.2134,42.2385],[129.2134,42.2239],[129.1235,42.1526],[129.09,42.1458],[129.0656,42.1572],[129.0656,42.139],[129.029,42.1051],[128.965,42.0915],[128.9437,42.0394],[128.9071,42.0292],[128.8202,42.0473],[128.7242,42.0507],[128.712,42.0349],[128.6846,42.0292],[128.6114,42.0349],[128.5901,42.0247],[128.5764,42.0077],[128.5657,42.0043],[128.5474,42.0111],[128.5047,41.9986],[128.4575,42.0145],[128.4102,42.0122],[128.3676,42.0292],[128.2624,42.036],[128.1039,42.002],[128.0368,41.9975],[128.0216,41.968],[128.0505,41.8669],[128.0612,41.8533],[128.0932,41.8453],[128.1481,41.7577],[128.1618,41.7144],[128.2517,41.6632],[128.2853,41.6255],[128.2853,41.6084],[128.3066,41.5867],[128.2914,41.5479],[128.1877,41.4073],[128.1481,41.3787],[128.1085,41.3821],[128.1222,41.3959],[128.1085,41.4027],[128.0902,41.3924],[128.0688,41.3924],[128.0505,41.4027],[128.0536,41.4245],[128.0185,41.4165],[128.014,41.4634],[128.0033,41.4736],[127.9789,41.4531],[127.9469,41.4736],[127.9073,41.4702],[127.8844,41.4634],[127.8676,41.4416],[127.8524,41.4348],[127.8311,41.4359],[127.8128,41.4462],[127.7884,41.4393],[127.6939,41.4416],[127.6619,41.4496],[127.6406,41.4325],[127.6009,41.4531],[127.5613,41.4611],[127.5476,41.4714],[127.5476,41.4931],[127.5293,41.4874],[127.479,41.5022],[127.4317,41.4874],[127.4058,41.4874],[127.3814,41.5022],[127.3494,41.4931],[127.3098,41.4965],[127.2732,41.5091],[127.2915,41.5228],[127.2839,41.5342],[127.2489,41.5308],[127.2092,41.5491],[127.1833,41.5205],[127.1589,41.5342],[127.1361,41.5262],[127.133,41.5342],[127.1086,41.5411],[127.1223,41.5593],[127.1406,41.573],[127.1833,41.5879],[127.1696,41.5982],[127.101,41.6153],[127.1086,41.629],[127.0614,41.6461],[127.0538,41.6814],[127.0797,41.6848],[127.0461,41.7349],[127.0355,41.7349],[126.9852,41.7668],[126.9501,41.7691],[126.9425,41.7759],[126.9425,41.7975],[126.9318,41.8044],[126.8922,41.7873],[126.8663,41.7509],[126.813,41.7338],[126.7916,41.6996],[126.7306,41.7406],[126.7017,41.7441],[126.6834,41.7384],[126.691,41.727],[126.7306,41.7053],[126.6834,41.6746],[126.6224,41.6689],[126.5721,41.6175],[126.5859,41.5776],[126.5615,41.5376],[126.5462,41.4919],[126.5036,41.4382],[126.5249,41.381],[126.5249,41.3546],[126.4929,41.3466],[126.5036,41.3684],[126.4746,41.3707],[126.4456,41.3512],[126.3953,41.3065],[126.3588,41.2515],[126.313,41.2113],[126.2658,41.1458],[126.1515,41.0952],[126.1286,41.078],[126.1439,41.0596],[126.1042,41.0251],[126.1073,41.0124],[126.0783,40.9997],[126.0753,40.9836],[126.0494,40.9479],[126.0326,40.9375],[125.996,40.9306],[125.9854,40.9156],[126.0143,40.9156],[126.0097,40.9018],[125.9671,40.8937],[125.9381,40.8798],[125.9061,40.9018],[125.8878,40.9006],[125.8268,40.8718],[125.7659,40.8891],[125.7506,40.8706],[125.7125,40.8637],[125.6866,40.8498],[125.647,40.8129],[125.6866,40.7725],[125.6729,40.7655],[125.615,40.7632],[125.6043,40.7759],[125.5754,40.7875],[125.5647,40.7806],[125.5495,40.7285],[125.4809,40.7216],[125.4595,40.6961],[125.4565,40.6753],[125.4245,40.6695],[125.4169,40.6336],[125.3879,40.6371],[125.3772,40.6475],[125.3406,40.6441],[125.298,40.651],[125.2797,40.6452],[125.2614,40.6163],[125.1867,40.5966],[125.0785,40.5502],[125.0282,40.5375],[125.0206,40.5108],[125.0495,40.4725],[125.0465,40.4632],[124.9383,40.4574],[124.8987,40.4864],[124.856,40.4342],[124.8057,40.397],[124.7432,40.3737],[124.7188,40.3121],[124.6472,40.297],[124.574,40.2551],[124.5572,40.2388],[124.5527,40.2224],[124.5313,40.2166],[124.3728,40.1],[124.3942,40.0509],[124.417,40.0393],[124.5024,40.0252],[124.4704,40.0171],[124.4094,40.0299],[124.3881,40.0054],[124.3728,39.9422],[124.3378,39.927],[124.3271,39.9153],[124.3484,39.9024],[124.3667,39.8732],[124.4018,39.8685],[124.4231,39.8263],[124.4384,39.8322],[124.5679,39.8158],[124.571,39.7806],[124.5923,39.7689],[124.5893,39.7266],[124.6136,39.7161],[124.6289,39.6961],[124.6502,39.6996],[124.6502,39.6726],[124.6365,39.6656],[124.6319,39.6468],[124.6136,39.6303],[124.6213,39.6162],[124.6319,39.6127],[124.6289,39.5998],[124.6426,39.5927],[124.6533,39.615],[124.6792,39.6233],[124.7005,39.6397],[124.7219,39.6479],[124.7478,39.6468],[124.7325,39.6667],[124.7584,39.6738],[124.7615,39.6891],[124.7478,39.6926],[124.7584,39.736],[124.7432,39.763],[124.7508,39.7853],[124.7661,39.7501],[124.7767,39.7431],[124.8057,39.7419],[124.8087,39.7325],[124.8514,39.7231],[124.8849,39.7055],[124.8987,39.6938],[124.9063,39.6632],[124.9413,39.6479],[124.952,39.6656],[124.9627,39.6632],[124.9916,39.6397],[125.013,39.6362],[125.0419,39.6092],[125.0998,39.6045],[125.1212,39.5668],[125.176,39.5657],[125.1608,39.5927],[125.2294,39.5927],[125.2157,39.5739],[125.2401,39.5645],[125.2904,39.5233],[125.4489,39.5856],[125.4565,39.5727],[125.4534,39.5586],[125.4458,39.5492],[125.4169,39.5398],[125.4016,39.5033],[125.3483,39.4609],[125.3483,39.4361],[125.3879,39.442],[125.3635,39.4149],[125.3635,39.3996],[125.4641,39.3866],[125.4489,39.3677],[125.4275,39.3595],[125.4092,39.3666],[125.4245,39.3524],[125.4199,39.3229],[125.4489,39.3123],[125.3986,39.2485],[125.4169,39.2154],[125.3696,39.2225],[125.3483,39.2142],[125.3346,39.1953],[125.3483,39.1705],[125.3117,39.1669],[125.2904,39.1539],[125.298,39.1444],[125.2873,39.0911],[125.3376,39.084],[125.2766,39.0829],[125.2157,39.0034],[125.205,38.9762],[125.176,38.9406],[125.1395,38.8051],[125.1501,38.7778],[125.176,38.7647],[125.1943,38.7397],[125.2218,38.7409],[125.234,38.773],[125.2294,38.7968],[125.2446,38.7956],[125.2583,38.7849],[125.2583,38.7635],[125.2721,38.7564],[125.2477,38.729],[125.266,38.7087],[125.2843,38.704],[125.3117,38.7087],[125.301,38.723],[125.3056,38.7361],[125.3193,38.723],[125.3452,38.7195],[125.3559,38.723],[125.3589,38.7361],[125.3666,38.7361],[125.3772,38.723],[125.3909,38.7195],[125.4382,38.7373],[125.4169,38.7564],[125.4275,38.7564],[125.4412,38.7766],[125.4534,38.7778],[125.4809,38.729],[125.5312,38.723],[125.5937,38.6671],[125.6363,38.6599],[125.6607,38.6325],[125.6439,38.6277],[125.5891,38.6432],[125.5601,38.679],[125.5495,38.6802],[125.5357,38.6551],[125.5251,38.6528],[125.5098,38.6873],[125.4672,38.7087],[125.4565,38.7052],[125.4458,38.6873],[125.4016,38.6956],[125.3483,38.6885],[125.3056,38.6587],[125.2721,38.6718],[125.208,38.6528],[125.1821,38.6718],[125.1867,38.6432],[125.1821,38.6361],[125.1608,38.6325],[125.1425,38.6635],[125.1288,38.6671],[125.1212,38.6468],[125.1395,38.6265],[125.1395,38.592],[125.1318,38.58],[125.1075,38.5943],[125.0648,38.5693],[125.0419,38.592],[125.0206,38.5836],[125.0023,38.5943],[124.9886,38.592],[124.9855,38.586],[125.0023,38.5669],[124.9992,38.5371],[125.0252,38.5168],[125.0206,38.4989],[124.9779,38.4415],[124.9779,38.4642],[124.952,38.4523],[124.8849,38.3458],[124.8727,38.2836],[124.8773,38.2572],[124.92,38.2297],[124.9703,38.2357],[124.9962,38.2273],[124.923,38.1901],[124.8849,38.2309],[124.859,38.2273],[124.827,38.1865],[124.7828,38.1805],[124.7691,38.1565],[124.7508,38.1481],[124.7005,38.1457],[124.6792,38.1373],[124.6716,38.1265],[124.6822,38.1157],[124.7981,38.0989],[124.8453,38.1025],[124.8697,38.1073],[124.891,38.1325],[124.9093,38.1265],[124.9413,38.0989],[125.0175,38.0641],[125.1425,38.0989],[125.2111,38.0833],[125.269,38.0785],[125.2766,38.0641],[125.2583,38.0544],[125.2507,38.0208],[125.2294,38.0232],[125.2187,38.046],[125.205,38.0496],[125.1212,38.0436],[125.1105,38.0352],[125.1212,38.0004],[125.1471,37.9835],[125.1715,37.9823],[125.1821,37.9895],[125.1898,37.9811],[125.1684,37.9643],[125.1395,37.9607],[125.0785,37.9811],[124.9962,37.9534],[124.9855,37.927],[125.0175,37.9402],[125.0099,37.9197],[125.0175,37.9065],[125.0678,37.8957],[125.0922,37.8788],[125.1791,37.868],[125.2111,37.8812],[125.2446,37.9306],[125.266,37.933],[125.2614,37.9149],[125.3056,37.8957],[125.3117,37.8788],[125.298,37.8607],[125.2553,37.839],[125.2446,37.8234],[125.3056,37.8234],[125.3117,37.8101],[125.33,37.8137],[125.3803,37.8439],[125.3513,37.8656],[125.4016,37.8656],[125.4489,37.8439],[125.4489,37.8607],[125.3879,37.8933],[125.4351,37.8993],[125.4275,37.9125],[125.4489,37.9209],[125.4672,37.9041],[125.5144,37.8945],[125.5144,37.8848],[125.4809,37.8571],[125.5037,37.8402],[125.5312,37.8439],[125.5281,37.8186],[125.5098,37.8137],[125.4595,37.8234],[125.4382,37.8198],[125.3955,37.7969],[125.3803,37.7824],[125.3986,37.7764],[125.4351,37.7812],[125.4489,37.7739],[125.3955,37.7546],[125.3666,37.7607],[125.3513,37.739],[125.3376,37.687],[125.3513,37.6762],[125.3666,37.6798],[125.3879,37.7172],[125.4412,37.7208],[125.4778,37.7317],[125.5068,37.78],[125.5312,37.7969],[125.5251,37.7812],[125.5312,37.7727],[125.554,37.7715],[125.5571,37.7824],[125.5754,37.7884],[125.586,37.7824],[125.5784,37.7739],[125.5967,37.7643],[125.6257,37.7655],[125.615,37.8065],[125.6439,37.8137],[125.647,37.8234],[125.6257,37.8366],[125.6439,37.8571],[125.6333,37.9029],[125.6363,37.927],[125.6729,37.8993],[125.6897,37.8993],[125.7186,37.9077],[125.7445,37.927],[125.7369,37.933],[125.7003,37.927],[125.7232,37.9534],[125.7049,37.9583],[125.6836,37.9534],[125.6897,37.9727],[125.679,37.9787],[125.6439,37.9739],[125.5997,37.9919],[125.583,38.01],[125.583,38.0268],[125.5997,38.0328],[125.6257,38.0328],[125.6897,38.0124],[125.7583,38.0064],[125.8025,37.9943],[125.8086,37.9522],[125.8375,37.9438],[125.8985,37.8656],[125.9244,37.8451],[125.9488,37.8439],[125.9884,37.8234],[125.9777,37.874],[125.9533,37.8896],[125.9488,37.9029],[125.964,37.9125],[126.0036,37.886],[126.0174,37.8559],[126.028,37.8535],[126.0616,37.8704],[126.0677,37.8029],[126.089,37.8017],[126.1149,37.7402],[126.1622,37.7341],[126.1682,37.7691],[126.1515,37.8198],[126.1622,37.8306],[126.2048,37.8451],[126.2627,37.8451],[126.3633,37.8848],[126.403,37.8933],[126.438,37.8487],[126.5782,37.7776],[126.5965,37.7739],[126.6544,37.7993],[126.6575,37.8149],[126.6727,37.8282],[126.6864,37.8366],[126.7047,37.8306],[126.6864,37.7944],[126.7047,37.7438],[126.6834,37.687],[126.7596,37.6375],[126.6941,37.6532],[126.6651,37.6726],[126.6727,37.7293],[126.6651,37.7571],[126.6514,37.7655],[126.6072,37.7546],[126.5508,37.7715],[126.5401,37.7691],[126.5356,37.7558],[126.5645,37.6073],[126.6072,37.5493],[126.6041,37.5081],[126.6118,37.4972],[126.6301,37.4996],[126.6331,37.5081],[126.6468,37.5045],[126.6438,37.496],[126.6072,37.4851],[126.5965,37.4718],[126.6011,37.4403],[126.6438,37.4148],[126.6179,37.3797],[126.6438,37.3639],[126.6697,37.3894],[126.72,37.3845],[126.723,37.3773],[126.691,37.3433],[126.6941,37.3336],[126.7367,37.3069],[126.787,37.2948],[126.8267,37.296],[126.8312,37.2875],[126.8556,37.2863],[126.8739,37.268],[126.8526,37.2656],[126.8236,37.2741],[126.8053,37.2535],[126.7947,37.2231],[126.784,37.2207],[126.7703,37.2316],[126.7703,37.2535],[126.755,37.2486],[126.7306,37.2595],[126.6834,37.2571],[126.6758,37.262],[126.6621,37.2535],[126.6834,37.2182],[126.723,37.2134],[126.7124,37.2],[126.6727,37.1866],[126.6727,37.1611],[126.7124,37.1648],[126.691,37.1392],[126.6941,37.1258],[126.7047,37.1234],[126.72,37.127],[126.7809,37.1769],[126.8053,37.1842],[126.8099,37.1648],[126.8343,37.1599],[126.8663,37.1793],[126.8739,37.1769],[126.8739,37.1575],[126.8663,37.1514],[126.813,37.1441],[126.7809,37.1319],[126.755,37.1003],[126.755,37.0698],[126.7596,37.0491],[126.8053,37.0382],[126.8419,37.0443],[126.8526,37.0382],[126.8632,37.0406],[126.8739,37.0905],[126.8815,37.1003],[126.8953,37.0954],[126.8846,37.0698],[126.9105,37.0333],[126.9135,37.0138],[126.8953,37.0223],[126.8739,37.0211],[126.8892,37.0077],[126.8267,37.0028],[126.8419,36.9748],[126.877,36.948],[126.9166,36.9297],[126.9501,36.926],[126.9715,36.9309],[126.9791,36.9394],[126.9745,36.9699],[126.9852,36.9809],[127.0461,36.9943],[127.0431,36.9821],[126.9958,36.9663],[127.0111,36.9529],[126.9928,36.9175],[126.9456,36.8919],[126.8632,36.8687],[126.9059,36.821],[126.8663,36.8284],[126.8739,36.8052],[126.8526,36.7538],[126.8343,36.7661],[126.8343,36.7746],[126.8495,36.7795],[126.8526,36.7881],[126.8343,36.832],[126.8419,36.8675],[126.8343,36.909],[126.8267,36.9175],[126.816,36.9163],[126.784,36.8906],[126.8023,36.9346],[126.7977,36.9553],[126.7627,36.9821],[126.6834,36.9943],[126.6697,36.9882],[126.6468,36.959],[126.6514,36.9248],[126.6331,36.9114],[126.6362,36.9382],[126.6255,36.9602],[126.6407,36.9821],[126.6301,36.9955],[126.5401,37.0491],[126.5036,37.0552],[126.5142,37.0162],[126.5356,37.0004],[126.5676,36.9907],[126.5752,36.9772],[126.5432,36.9772],[126.5112,37.0077],[126.5005,37.0077],[126.4959,36.9968],[126.5721,36.9309],[126.5859,36.898],[126.5645,36.9041],[126.5539,36.926],[126.5218,36.948],[126.4883,36.8418],[126.4715,36.854],[126.4715,36.9175],[126.4822,36.9358],[126.4715,36.9565],[126.4639,36.959],[126.4426,36.9468],[126.435,36.9614],[126.4563,36.9907],[126.4487,37.0041],[126.3953,37.0077],[126.3953,36.9907],[126.3557,37.0004],[126.3374,36.987],[126.374,36.9833],[126.3816,36.9748],[126.374,36.9602],[126.3588,36.9687],[126.3557,36.9553],[126.3816,36.9419],[126.406,36.9419],[126.4243,36.9224],[126.4213,36.8992],[126.406,36.8809],[126.3816,36.8772],[126.3816,36.8699],[126.4106,36.8638],[126.4106,36.8565],[126.3771,36.8504],[126.371,36.8345],[126.342,36.8565],[126.3313,36.8467],[126.3588,36.7893],[126.3313,36.8052],[126.3191,36.8052],[126.2947,36.7893],[126.2841,36.8113],[126.313,36.8284],[126.3054,36.8565],[126.3268,36.8821],[126.3085,36.9309],[126.313,36.9663],[126.2871,36.9614],[126.281,36.8736],[126.2338,36.8723],[126.2368,36.9041],[126.2124,36.898],[126.1972,36.8858],[126.1942,36.8723],[126.2155,36.8565],[126.2018,36.8235],[126.2445,36.8162],[126.2368,36.8052],[126.2231,36.8015],[126.1972,36.8076],[126.2155,36.7807],[126.1911,36.7807],[126.1682,36.8162],[126.1622,36.7942],[126.1332,36.7612],[126.1362,36.7037],[126.1545,36.7233],[126.1622,36.7612],[126.2048,36.7416],[126.2155,36.7269],[126.2079,36.7049],[126.1652,36.7061],[126.1622,36.7012],[126.1682,36.678],[126.1835,36.6731],[126.2338,36.6841],[126.2582,36.711],[126.2765,36.7196],[126.2841,36.6927],[126.2765,36.6731],[126.3054,36.6339],[126.2917,36.6107],[126.2978,36.5813],[126.3191,36.6021],[126.345,36.6107],[126.3268,36.6351],[126.3374,36.6437],[126.3344,36.6609],[126.3054,36.7],[126.3268,36.7],[126.345,36.7404],[126.3633,36.7416],[126.374,36.7318],[126.371,36.7061],[126.3816,36.7012],[126.371,36.629],[126.4273,36.607],[126.4456,36.6376],[126.4487,36.7],[126.4426,36.7171],[126.4822,36.7477],[126.5036,36.7196],[126.4822,36.7171],[126.4746,36.7049],[126.4776,36.6878],[126.5036,36.6841],[126.5112,36.6694],[126.4883,36.6486],[126.5249,36.6254],[126.5142,36.6033],[126.4609,36.5947],[126.4746,36.5396],[126.4959,36.5273],[126.5142,36.5347],[126.5173,36.5285],[126.4853,36.4967],[126.5005,36.4476],[126.5112,36.4378],[126.5279,36.4414],[126.5615,36.4733],[126.6224,36.4733],[126.5615,36.4549],[126.5401,36.4328],[126.5036,36.4193],[126.5173,36.3972],[126.5036,36.3972],[126.5036,36.3911],[126.5325,36.369],[126.5782,36.3653],[126.5859,36.3518],[126.5752,36.3419],[126.5325,36.3333],[126.5173,36.321],[126.5752,36.3038],[126.5859,36.294],[126.5721,36.2854],[126.5401,36.2177],[126.5539,36.2041],[126.5721,36.2041],[126.5935,36.1906],[126.6072,36.1709],[126.5645,36.1808],[126.5356,36.1721],[126.5005,36.1586],[126.4959,36.1302],[126.5036,36.1253],[126.5142,36.1512],[126.5325,36.1524],[126.5539,36.1401],[126.5569,36.1302],[126.5752,36.1376],[126.5935,36.1302],[126.6148,36.0982],[126.6438,36.0896],[126.6468,36.0846],[126.6331,36.0748],[126.6697,36.034],[126.6804,36.0057],[126.6971,35.9982],[126.7596,36.0168],[126.7947,36.0402],[126.8739,36.0612],[126.8739,36.0476],[126.8526,36.0353],[126.8053,36.0205],[126.7474,35.9884],[126.7306,35.9933],[126.7154,35.9847],[126.5249,35.9698],[126.5279,35.939],[126.5721,35.9439],[126.6118,35.9316],[126.6148,35.8883],[126.7367,35.8858],[126.813,35.9105],[126.8419,35.892],[126.816,35.8821],[126.8023,35.8611],[126.7337,35.8636],[126.7078,35.8487],[126.7047,35.8401],[126.7947,35.7906],[126.784,35.7584],[126.7733,35.7732],[126.7367,35.7906],[126.6651,35.7918],[126.6331,35.7732],[126.6301,35.7448],[126.6011,35.7126],[126.5325,35.6828],[126.4959,35.6493],[126.4715,35.6382],[126.467,35.601],[126.5173,35.5761],[126.6575,35.5948],[126.6834,35.5712],[126.6971,35.5339],[126.6834,35.5377],[126.6468,35.5712],[126.6255,35.5675],[126.5965,35.5401],[126.5645,35.5401],[126.4959,35.524],[126.4273,35.4171],[126.4213,35.3935],[126.4639,35.345],[126.435,35.3475],[126.4136,35.3686],[126.3847,35.3263],[126.3847,35.2815],[126.3588,35.259],[126.3816,35.2516],[126.3237,35.2428],[126.313,35.2316],[126.3664,35.2378],[126.3664,35.2241],[126.3816,35.2117],[126.3664,35.1855],[126.374,35.1718],[126.406,35.1406],[126.4167,35.1181],[126.4563,35.0994],[126.4533,35.0657],[126.4273,35.0182],[126.4106,35.0369],[126.4136,35.0607],[126.371,35.0719],[126.3588,35.0944],[126.3481,35.0944],[126.3557,35.1356],[126.345,35.1555],[126.3313,35.1219],[126.3191,35.1144],[126.3085,35.1306],[126.2917,35.1381],[126.2734,35.1356],[126.2582,35.1219],[126.2627,35.1044],[126.2871,35.0782],[126.2765,35.0669],[126.2917,35.0519],[126.3054,35.0519],[126.313,35.0644],[126.3054,35.0881],[126.342,35.0694],[126.371,35.0369],[126.3771,35.0157],[126.3481,34.9932],[126.3527,34.9707],[126.3161,34.9757],[126.3054,34.9707],[126.3344,34.9419],[126.3191,34.9357],[126.3664,34.9257],[126.3816,34.9357],[126.374,34.9682],[126.403,34.9832],[126.438,34.9794],[126.403,34.9494],[126.3984,34.9344],[126.406,34.9131],[126.4273,34.8881],[126.4136,34.8731],[126.4106,34.8355],[126.374,34.8005],[126.3771,34.7892],[126.4243,34.7904],[126.4319,34.8042],[126.4609,34.7992],[126.4883,34.8117],[126.5036,34.8067],[126.4883,34.7854],[126.4959,34.7779],[126.5173,34.7804],[126.5539,34.8481],[126.5462,34.8819],[126.5721,34.9006],[126.5859,34.8969],[126.5935,34.8819],[126.5904,34.8643],[126.5782,34.8531],[126.5782,34.8205],[126.6331,34.8243],[126.6544,34.8205],[126.6697,34.8067],[126.6331,34.7992],[126.6407,34.7867],[126.5721,34.7992],[126.5462,34.7942],[126.5356,34.7817],[126.5401,34.7453],[126.5112,34.7503],[126.4639,34.7766],[126.4243,34.7629],[126.3953,34.7666],[126.3664,34.7478],[126.371,34.7378],[126.3953,34.7315],[126.4213,34.7378],[126.438,34.7265],[126.467,34.7277],[126.5112,34.7165],[126.5645,34.6688],[126.5569,34.6625],[126.6072,34.6311],[126.6255,34.6286],[126.6072,34.6236],[126.5356,34.65],[126.5218,34.6487],[126.5432,34.6261],[126.5401,34.6211],[126.4563,34.6688],[126.4533,34.7039],[126.4106,34.7114],[126.3816,34.7089],[126.3877,34.6349],[126.3984,34.6349],[126.406,34.6487],[126.4213,34.6512],[126.4167,34.6286],[126.438,34.6047],[126.4746,34.5997],[126.467,34.5821],[126.374,34.6073],[126.3481,34.665],[126.3588,34.6951],[126.3237,34.7466],[126.3024,34.7516],[126.2917,34.7415],[126.2734,34.6399],[126.3237,34.6186],[126.3268,34.6073],[126.3085,34.6022],[126.3054,34.6073],[126.2947,34.5972],[126.2978,34.5872],[126.3268,34.5671],[126.345,34.5721],[126.3481,34.5821],[126.3588,34.5671],[126.3847,34.557],[126.3953,34.5319],[126.4715,34.5382],[126.4822,34.5583],[126.5112,34.552],[126.5249,34.5658],[126.5432,34.5608],[126.5432,34.552],[126.5173,34.5319],[126.5356,34.5256],[126.5462,34.5118],[126.4929,34.5067],[126.4746,34.4941],[126.4715,34.4715],[126.4853,34.474],[126.4883,34.4677],[126.4776,34.4325],[126.5173,34.4224],[126.5218,34.4124],[126.5036,34.3796],[126.4929,34.3784],[126.4822,34.3481],[126.5112,34.3481],[126.5325,34.3393],[126.5249,34.2914],[126.5828,34.3015],[126.6072,34.299],[126.6072,34.3191],[126.6362,34.3935],[126.6864,34.4124],[126.6941,34.4338],[126.7306,34.43],[126.7306,34.44],[126.7124,34.4476],[126.7657,34.4778],[126.7367,34.513],[126.7703,34.5218],[126.7596,34.5557],[126.7809,34.5846],[126.8023,34.5809],[126.8099,34.5671],[126.8053,34.469],[126.813,34.4489],[126.9029,34.4149],[126.8953,34.4388],[126.9059,34.4577],[126.9349,34.4451],[126.9425,34.4526],[126.9425,34.4941],[126.9958,34.5382],[126.9898,34.552],[127.0111,34.5796],[127.0141,34.611],[127.1117,34.6587],[127.1406,34.6851],[127.2016,34.6889],[127.2519,34.7654],[127.2946,34.719],[127.3342,34.739],[127.3601,34.6951],[127.3342,34.655],[127.3159,34.65],[127.3052,34.6537],[127.2915,34.6751],[127.2991,34.6851],[127.2946,34.6926],[127.2763,34.7039],[127.2443,34.6688],[127.2443,34.6537],[127.2595,34.6399],[127.2656,34.5997],[127.2489,34.5821],[127.1986,34.5721],[127.2123,34.6022],[127.2153,34.6349],[127.2016,34.6299],[127.162,34.5771],[127.1254,34.5532],[127.1361,34.5256],[127.1833,34.5118],[127.1757,34.5256],[127.226,34.5457],[127.3205,34.4426],[127.3449,34.4438],[127.3342,34.4539],[127.3312,34.4728],[127.3601,34.4891],[127.3784,34.4828],[127.4424,34.5382],[127.4211,34.5532],[127.3845,34.5457],[127.3601,34.552],[127.3449,34.5759],[127.3525,34.5846],[127.3952,34.5997],[127.4577,34.5721],[127.4851,34.5746],[127.508,34.5897],[127.4973,34.6211],[127.4577,34.6349],[127.4897,34.6349],[127.4683,34.66],[127.4104,34.6989],[127.3952,34.7378],[127.4058,34.7453],[127.3997,34.7553],[127.3708,34.7516],[127.3601,34.7578],[127.3632,34.7716],[127.4287,34.7917],[127.4287,34.7992],[127.3677,34.823],[127.4287,34.8255],[127.4897,34.8393],[127.5186,34.8906],[127.5323,34.8781],[127.5247,34.8581],[127.543,34.8205],[127.54,34.8067],[127.5582,34.7992],[127.5872,34.7453],[127.5582,34.6826],[127.5643,34.66],[127.575,34.6449],[127.6146,34.6349],[127.6436,34.6161],[127.6375,34.6838],[127.6253,34.6951],[127.6406,34.6951],[127.6588,34.729],[127.7091,34.7139],[127.7442,34.724],[127.7777,34.8481],[127.7594,34.8393],[127.7015,34.8405],[127.6726,34.8167],[127.6588,34.8105],[127.6482,34.8142],[127.604,34.8543],[127.5796,34.8956],[127.5826,34.9319],[127.5933,34.9444],[127.6116,34.9394],[127.6436,34.8969],[127.7122,34.9394],[127.7229,34.9882],[127.7411,34.9644],[127.7594,34.9557],[127.8021,34.9582],[127.8341,34.9419],[127.8463,34.9494],[127.8676,34.9419],[127.892,34.9457],[127.9134,34.9607],[127.9286,35.0182],[127.9469,35.0019],[127.9576,34.9782],[127.982,34.9919],[128.0109,34.9894],[128.0216,34.9969],[128.0033,35.0319],[128.0292,35.0332],[128.0719,35.0807],[128.0582,35.0457],[128.0536,34.9457],[128.0658,34.9257],[128.1161,34.9244],[128.1222,34.8981],[128.1405,34.8906],[128.209,34.8881],[128.2167,34.9307],[128.2273,34.9357],[128.2593,34.9294],[128.2807,34.9056],[128.302,34.9067]]]}},{"type":"Feature","properties":{"id":"front-pusan","beat":"pusan","kind":"front","date":"4 Aug – 15 Sep 1950","line":"Pusan Perimeter (Naktong)"},"geometry":{"type":"Polygon","coordinates":[[[128.2795,34.9067],[128.2795,34.9091],[128.2797,34.9377],[128.2883,34.9669],[128.3035,34.9925],[128.3178,35.0162],[128.3321,35.04],[128.3463,35.0637],[128.3606,35.0874],[128.3748,35.1111],[128.3891,35.1348],[128.4033,35.1585],[128.4176,35.1822],[128.4299,35.2008],[128.4257,35.221],[128.4205,35.2467],[128.4153,35.2727],[128.41,35.2987],[128.4048,35.3247],[128.3995,35.3507],[128.3943,35.3767],[128.389,35.4027],[128.3838,35.4287],[128.3785,35.4546],[128.3733,35.4806],[128.3681,35.5066],[128.3629,35.5325],[128.3577,35.5584],[128.3525,35.5844],[128.3473,35.6103],[128.3421,35.6362],[128.3369,35.6621],[128.3317,35.688],[128.3265,35.7139],[128.3213,35.7398],[128.3161,35.7656],[128.3109,35.7915],[128.3057,35.8173],[128.3005,35.8432],[128.2953,35.869],[128.2901,35.8948],[128.2849,35.9208],[128.2807,35.9541],[128.3053,35.981],[128.3256,36.0013],[128.3459,36.0216],[128.3663,36.0419],[128.3866,36.0622],[128.407,36.0825],[128.4293,36.1045],[128.4587,36.1219],[128.4893,36.1342],[128.5182,36.1457],[128.5472,36.1573],[128.5761,36.1689],[128.6051,36.1804],[128.634,36.192],[128.663,36.2035],[128.6926,36.2153],[128.7231,36.2256],[128.7529,36.2355],[128.7828,36.2455],[128.8126,36.2555],[128.8425,36.2654],[128.8723,36.2754],[128.9022,36.2853],[128.932,36.2953],[128.9618,36.3052],[128.9978,36.3165],[129.036,36.3117],[129.068,36.3065],[129.0996,36.3013],[129.1313,36.2961],[129.1629,36.291],[129.1946,36.2858],[129.2262,36.2806],[129.2579,36.2754],[129.29,36.2701],[129.3224,36.2635],[129.3538,36.2557],[129.3847,36.248],[129.4155,36.2403],[129.382,36.2106],[129.3954,36.2453],[129.4022,36.2056],[129.3713,36.2133],[129.3405,36.221],[129.3102,36.2286],[129.28,36.2348],[129.2489,36.2399],[129.2173,36.2451],[129.1856,36.2502],[129.154,36.2554],[129.1223,36.2606],[129.0907,36.2658],[129.059,36.271],[129.0276,36.2761],[129.0027,36.2804],[128.979,36.2718],[128.9492,36.2618],[128.9193,36.2518],[128.8895,36.2419],[128.8597,36.2319],[128.8298,36.222],[128.8,36.212],[128.7701,36.202],[128.7403,36.1921],[128.7112,36.1823],[128.6829,36.171],[128.654,36.1594],[128.625,36.1479],[128.5961,36.1363],[128.5671,36.1248],[128.5382,36.1132],[128.5092,36.1016],[128.4819,36.0908],[128.4603,36.0782],[128.4419,36.0596],[128.4216,36.0393],[128.4012,36.019],[128.3809,35.9987],[128.3605,35.9784],[128.3402,35.9581],[128.3241,35.9445],[128.3293,35.9264],[128.3345,35.9007],[128.3397,35.8749],[128.3449,35.849],[128.3501,35.8232],[128.3553,35.7974],[128.3605,35.7715],[128.3657,35.7456],[128.3709,35.7198],[128.3761,35.6939],[128.3813,35.668],[128.3865,35.6421],[128.3917,35.6162],[128.3969,35.5903],[128.4021,35.5643],[128.4073,35.5384],[128.4125,35.5125],[128.4177,35.4865],[128.4229,35.4606],[128.4281,35.4346],[128.4334,35.4087],[128.4386,35.3827],[128.4439,35.3567],[128.4491,35.3307],[128.4544,35.3047],[128.4596,35.2787],[128.4649,35.2527],[128.4702,35.2263],[128.4742,35.1947],[128.458,35.166],[128.4437,35.1423],[128.4294,35.1186],[128.4152,35.0949],[128.4009,35.0712],[128.3867,35.0474],[128.3724,35.0237],[128.3581,35],[128.3439,34.9762],[128.3306,34.9543],[128.3243,34.9334],[128.3245,34.9091],[128.3245,34.9067],[128.2795,34.9067]]]}},{"type":"Feature","properties":{"id":"held-oct50","beat":"oct50","kind":"held","date":"15 Sep – 1 Oct 1950","line":"Back at the parallel","held_by_north_pct":56,"computed_share_pct":57},"geometry":{"type":"Polygon","coordinates":[[[125.1153,38.0195],[125.1226,38.0197],[125.1663,38.0206],[125.21,38.0215],[125.2536,38.0224],[125.2973,38.0233],[125.341,38.0243],[125.3847,38.0252],[125.4284,38.0261],[125.4721,38.027],[125.5157,38.0279],[125.5594,38.0289],[125.6031,38.0298],[125.6468,38.0307],[125.6905,38.0316],[125.7342,38.0325],[125.7779,38.0334],[125.8215,38.0344],[125.8652,38.0353],[125.9089,38.0362],[125.9526,38.0371],[125.9963,38.038],[126.04,38.039],[126.0836,38.0399],[126.1273,38.0408],[126.171,38.0417],[126.2147,38.0426],[126.2584,38.0435],[126.3021,38.0445],[126.3458,38.0454],[126.3894,38.0463],[126.4331,38.0472],[126.4768,38.0481],[126.5205,38.049],[126.5642,38.05],[126.6079,38.0508],[126.6516,38.0508],[126.6953,38.0508],[126.739,38.0508],[126.7827,38.0508],[126.8264,38.0508],[126.8701,38.0508],[126.9138,38.0508],[126.9575,38.0508],[127.0012,38.0508],[127.0449,38.0508],[127.0886,38.0508],[127.1323,38.0508],[127.176,38.0508],[127.2197,38.0508],[127.2634,38.0508],[127.3071,38.0508],[127.3508,38.0508],[127.3945,38.0508],[127.4382,38.0508],[127.4819,38.0508],[127.5255,38.052],[127.5691,38.0545],[127.6127,38.0569],[127.6563,38.0594],[127.6999,38.0618],[127.7435,38.0643],[127.7871,38.0667],[127.8306,38.0692],[127.8742,38.0716],[127.9178,38.0741],[127.9614,38.0765],[128.005,38.079],[128.0486,38.0814],[128.0922,38.0839],[128.1358,38.0863],[128.1794,38.0888],[128.2229,38.0912],[128.2665,38.0937],[128.3101,38.0961],[128.3537,38.0986],[128.3973,38.101],[128.441,38.1013],[128.4847,38.1013],[128.5284,38.1013],[128.5721,38.1013],[128.6158,38.1013],[128.6595,38.1013],[128.7032,38.1013],[128.6687,38.1013],[128.6449,38.1289],[128.5657,38.2896],[128.4758,38.4272],[128.4422,38.506],[128.3676,38.6265],[128.363,38.6802],[128.3493,38.6968],[128.3249,38.7123],[128.2853,38.7564],[128.2121,38.729],[128.0932,38.8444],[128.0185,38.8598],[127.9637,38.918],[127.9286,38.9358],[127.9179,38.9655],[127.9103,38.969],[127.892,38.9619],[127.889,38.9762],[127.8524,39.0034],[127.828,39.0449],[127.7625,39.1184],[127.6649,39.1231],[127.6482,39.1397],[127.6116,39.1539],[127.5354,39.148],[127.514,39.1586],[127.4927,39.1953],[127.4744,39.1953],[127.4744,39.1705],[127.4577,39.1669],[127.3952,39.2036],[127.3738,39.2414],[127.4028,39.3253],[127.3952,39.343],[127.418,39.343],[127.4287,39.3323],[127.4714,39.3406],[127.4744,39.3489],[127.4714,39.3666],[127.4577,39.3701],[127.4287,39.3595],[127.3921,39.3677],[127.3814,39.3795],[127.4287,39.3937],[127.4714,39.4326],[127.4973,39.4361],[127.511,39.4102],[127.5476,39.3725],[127.5293,39.3465],[127.5247,39.317],[127.5476,39.304],[127.5643,39.317],[127.5643,39.3465],[127.5217,39.5115],[127.54,39.5539],[127.5796,39.5962],[127.572,39.6197],[127.5537,39.6385],[127.514,39.6515],[127.5034,39.709],[127.5247,39.7477],[127.5537,39.763],[127.5643,39.7853],[127.5796,39.7993],[127.6116,39.8122],[127.6253,39.8322],[127.6512,39.8228],[127.6649,39.8087],[127.6832,39.8193],[127.6985,39.8497],[127.7305,39.8591],[127.7671,39.8568],[127.7945,39.8685],[127.7991,39.8779],[127.7838,39.8872],[127.8783,39.8954],[127.892,39.9633],[127.9103,39.9867],[127.9317,39.975],[127.9423,39.9762],[127.9682,40.0065],[128.0002,40.0217],[128.0109,40.0474],[128.1405,40.0288],[128.1588,40.0182],[128.1953,40.0323],[128.238,40.0323],[128.2304,40.0591],[128.238,40.0696],[128.267,40.079],[128.2853,40.0673],[128.3066,40.0358],[128.331,40.0299],[128.3416,40.0696],[128.3676,40.1],[128.4148,40.0977],[128.4392,40.1058],[128.4819,40.1373],[128.5108,40.1373],[128.5291,40.1455],[128.5474,40.1688],[128.5901,40.1886],[128.6297,40.1828],[128.6663,40.2026],[128.6693,40.2434],[128.6587,40.2597],[128.619,40.2737],[128.6221,40.2993],[128.6404,40.3156],[128.6587,40.3226],[128.6587,40.3121],[128.6739,40.3121],[128.6907,40.333],[128.7242,40.3412],[128.7562,40.3377],[128.7669,40.3482],[128.8172,40.3563],[128.8309,40.3703],[128.8644,40.3737],[128.9787,40.4632],[129.0336,40.476],[129.0793,40.4748],[129.1632,40.5676],[129.1738,40.5711],[129.1769,40.607],[129.1982,40.6406],[129.2195,40.6996],[129.2348,40.7077],[129.2744,40.7112],[129.2881,40.6857],[129.3064,40.6753],[129.3537,40.7482],[129.4283,40.784],[129.4786,40.7956],[129.5076,40.7944],[129.5335,40.8094],[129.5549,40.8129],[129.5549,40.8314],[129.5731,40.8429],[129.6661,40.8418],[129.6981,40.8487],[129.7088,40.8383],[129.721,40.8383],[129.7377,40.8741],[129.7347,40.8937],[129.756,40.9121],[129.756,40.941],[129.7667,40.9479],[129.7316,40.9813],[129.721,41.0596],[129.7316,41.0883],[129.7134,41.1251],[129.7606,41.2962],[129.7713,41.318],[129.788,41.3283],[129.8063,41.3787],[129.7987,41.389],[129.7713,41.389],[129.7606,41.3959],[129.7377,41.4245],[129.7164,41.4222],[129.6631,41.4679],[129.6554,41.4965],[129.6631,41.5296],[129.6524,41.5525],[129.6692,41.5799],[129.692,41.6529],[129.7164,41.678],[129.753,41.6996],[129.7774,41.7623],[129.814,41.7805],[129.8277,41.7805],[129.846,41.7623],[129.8536,41.7668],[129.8566,41.7839],[129.8719,41.7941],[129.8856,41.8283],[129.8856,41.8601],[129.9008,41.9078],[129.9145,41.9146],[129.9405,41.9078],[129.9466,41.8976],[129.9572,41.8953],[129.9648,41.9021],[129.9755,41.9453],[129.9862,41.9589],[130.0045,41.9646],[129.9831,41.985],[130.0045,41.994],[130.0045,42.0145],[130.0151,42.0179],[130.0304,41.9952],[130.0365,41.9986],[130.0471,42.0394],[130.0548,42.0541],[130.07,42.0541],[130.0761,42.0813],[130.0944,42.0938],[130.1233,42.0938],[130.1523,42.0779],[130.1706,42.0802],[130.163,42.0881],[130.1767,42.1017],[130.1874,42.1074],[130.2026,42.1051],[130.2026,42.1764],[130.2316,42.1866],[130.2956,42.2408],[130.3108,42.2408],[130.3169,42.2216],[130.3108,42.1866],[130.3322,42.1945],[130.3352,42.2171],[130.3535,42.2205],[130.3718,42.2352],[130.3611,42.2476],[130.3672,42.2589],[130.3794,42.2611],[130.4038,42.2453],[130.4068,42.2645],[130.3931,42.2679],[130.3855,42.295],[130.4068,42.3119],[130.4068,42.3289],[130.4221,42.3289],[130.4404,42.3131],[130.4587,42.3153],[130.4724,42.3255],[130.4693,42.339],[130.483,42.3435],[130.512,42.3401],[130.541,42.3221],[130.5699,42.3187],[130.5989,42.3018],[130.5989,42.2657],[130.7025,42.2984],[130.6629,42.3255],[130.6598,42.3875],[130.6492,42.4044],[130.5882,42.4359],[130.576,42.4495],[130.5257,42.553],[130.5196,42.6035],[130.5044,42.6136],[130.4861,42.6136],[130.4693,42.6035],[130.4587,42.5889],[130.4724,42.5732],[130.4693,42.5586],[130.4541,42.553],[130.4327,42.5653],[130.4297,42.6035],[130.4221,42.6091],[130.3931,42.6103],[130.3245,42.654],[130.3169,42.6709],[130.2636,42.7124],[130.2453,42.7471],[130.2559,42.8703],[130.2422,42.906],[130.195,42.9128],[130.1416,42.9116],[130.102,42.925],[130.131,42.9641],[130.134,42.9775],[130.1233,42.9854],[130.0471,42.9653],[129.9968,42.9653],[129.9725,42.9775],[129.9359,43.0121],[129.9222,43.0144],[129.8825,43.001],[129.8856,42.992],[129.9069,42.9809],[129.8642,42.9742],[129.8536,42.9653],[129.8505,42.9317],[129.7987,42.8401],[129.7926,42.7964],[129.7637,42.7505],[129.756,42.7258],[129.7606,42.7068],[129.788,42.6877],[129.788,42.681],[129.7743,42.6664],[129.7774,42.6507],[129.753,42.6462],[129.7423,42.6327],[129.7484,42.6192],[129.7637,42.6159],[129.7637,42.6103],[129.7377,42.5889],[129.7316,42.4787],[129.7057,42.4461],[129.6737,42.4416],[129.5945,42.4517],[129.5914,42.4145],[129.5655,42.4078],[129.5549,42.3807],[129.5366,42.374],[129.5183,42.3943],[129.4893,42.4055],[129.436,42.445],[129.3887,42.4314],[129.3643,42.4483],[129.343,42.4483],[129.3537,42.4247],[129.3384,42.4179],[129.3278,42.4292],[129.3171,42.4258],[129.3064,42.392],[129.2455,42.383],[129.2302,42.3627],[129.2302,42.3537],[129.2455,42.3424],[129.2378,42.3266],[129.1952,42.3221],[129.1952,42.3153],[129.2302,42.3018],[129.2195,42.295],[129.2134,42.2713],[129.1845,42.2577],[129.1875,42.2385],[129.2134,42.2385],[129.2134,42.2239],[129.1235,42.1526],[129.09,42.1458],[129.0656,42.1572],[129.0656,42.139],[129.029,42.1051],[128.965,42.0915],[128.9437,42.0394],[128.9071,42.0292],[128.8202,42.0473],[128.7242,42.0507],[128.712,42.0349],[128.6846,42.0292],[128.6114,42.0349],[128.5901,42.0247],[128.5764,42.0077],[128.5657,42.0043],[128.5474,42.0111],[128.5047,41.9986],[128.4575,42.0145],[128.4102,42.0122],[128.3676,42.0292],[128.2624,42.036],[128.1039,42.002],[128.0368,41.9975],[128.0216,41.968],[128.0505,41.8669],[128.0612,41.8533],[128.0932,41.8453],[128.1481,41.7577],[128.1618,41.7144],[128.2517,41.6632],[128.2853,41.6255],[128.2853,41.6084],[128.3066,41.5867],[128.2914,41.5479],[128.1877,41.4073],[128.1481,41.3787],[128.1085,41.3821],[128.1222,41.3959],[128.1085,41.4027],[128.0902,41.3924],[128.0688,41.3924],[128.0505,41.4027],[128.0536,41.4245],[128.0185,41.4165],[128.014,41.4634],[128.0033,41.4736],[127.9789,41.4531],[127.9469,41.4736],[127.9073,41.4702],[127.8844,41.4634],[127.8676,41.4416],[127.8524,41.4348],[127.8311,41.4359],[127.8128,41.4462],[127.7884,41.4393],[127.6939,41.4416],[127.6619,41.4496],[127.6406,41.4325],[127.6009,41.4531],[127.5613,41.4611],[127.5476,41.4714],[127.5476,41.4931],[127.5293,41.4874],[127.479,41.5022],[127.4317,41.4874],[127.4058,41.4874],[127.3814,41.5022],[127.3494,41.4931],[127.3098,41.4965],[127.2732,41.5091],[127.2915,41.5228],[127.2839,41.5342],[127.2489,41.5308],[127.2092,41.5491],[127.1833,41.5205],[127.1589,41.5342],[127.1361,41.5262],[127.133,41.5342],[127.1086,41.5411],[127.1223,41.5593],[127.1406,41.573],[127.1833,41.5879],[127.1696,41.5982],[127.101,41.6153],[127.1086,41.629],[127.0614,41.6461],[127.0538,41.6814],[127.0797,41.6848],[127.0461,41.7349],[127.0355,41.7349],[126.9852,41.7668],[126.9501,41.7691],[126.9425,41.7759],[126.9425,41.7975],[126.9318,41.8044],[126.8922,41.7873],[126.8663,41.7509],[126.813,41.7338],[126.7916,41.6996],[126.7306,41.7406],[126.7017,41.7441],[126.6834,41.7384],[126.691,41.727],[126.7306,41.7053],[126.6834,41.6746],[126.6224,41.6689],[126.5721,41.6175],[126.5859,41.5776],[126.5615,41.5376],[126.5462,41.4919],[126.5036,41.4382],[126.5249,41.381],[126.5249,41.3546],[126.4929,41.3466],[126.5036,41.3684],[126.4746,41.3707],[126.4456,41.3512],[126.3953,41.3065],[126.3588,41.2515],[126.313,41.2113],[126.2658,41.1458],[126.1515,41.0952],[126.1286,41.078],[126.1439,41.0596],[126.1042,41.0251],[126.1073,41.0124],[126.0783,40.9997],[126.0753,40.9836],[126.0494,40.9479],[126.0326,40.9375],[125.996,40.9306],[125.9854,40.9156],[126.0143,40.9156],[126.0097,40.9018],[125.9671,40.8937],[125.9381,40.8798],[125.9061,40.9018],[125.8878,40.9006],[125.8268,40.8718],[125.7659,40.8891],[125.7506,40.8706],[125.7125,40.8637],[125.6866,40.8498],[125.647,40.8129],[125.6866,40.7725],[125.6729,40.7655],[125.615,40.7632],[125.6043,40.7759],[125.5754,40.7875],[125.5647,40.7806],[125.5495,40.7285],[125.4809,40.7216],[125.4595,40.6961],[125.4565,40.6753],[125.4245,40.6695],[125.4169,40.6336],[125.3879,40.6371],[125.3772,40.6475],[125.3406,40.6441],[125.298,40.651],[125.2797,40.6452],[125.2614,40.6163],[125.1867,40.5966],[125.0785,40.5502],[125.0282,40.5375],[125.0206,40.5108],[125.0495,40.4725],[125.0465,40.4632],[124.9383,40.4574],[124.8987,40.4864],[124.856,40.4342],[124.8057,40.397],[124.7432,40.3737],[124.7188,40.3121],[124.6472,40.297],[124.574,40.2551],[124.5572,40.2388],[124.5527,40.2224],[124.5313,40.2166],[124.3728,40.1],[124.3942,40.0509],[124.417,40.0393],[124.5024,40.0252],[124.4704,40.0171],[124.4094,40.0299],[124.3881,40.0054],[124.3728,39.9422],[124.3378,39.927],[124.3271,39.9153],[124.3484,39.9024],[124.3667,39.8732],[124.4018,39.8685],[124.4231,39.8263],[124.4384,39.8322],[124.5679,39.8158],[124.571,39.7806],[124.5923,39.7689],[124.5893,39.7266],[124.6136,39.7161],[124.6289,39.6961],[124.6502,39.6996],[124.6502,39.6726],[124.6365,39.6656],[124.6319,39.6468],[124.6136,39.6303],[124.6213,39.6162],[124.6319,39.6127],[124.6289,39.5998],[124.6426,39.5927],[124.6533,39.615],[124.6792,39.6233],[124.7005,39.6397],[124.7219,39.6479],[124.7478,39.6468],[124.7325,39.6667],[124.7584,39.6738],[124.7615,39.6891],[124.7478,39.6926],[124.7584,39.736],[124.7432,39.763],[124.7508,39.7853],[124.7661,39.7501],[124.7767,39.7431],[124.8057,39.7419],[124.8087,39.7325],[124.8514,39.7231],[124.8849,39.7055],[124.8987,39.6938],[124.9063,39.6632],[124.9413,39.6479],[124.952,39.6656],[124.9627,39.6632],[124.9916,39.6397],[125.013,39.6362],[125.0419,39.6092],[125.0998,39.6045],[125.1212,39.5668],[125.176,39.5657],[125.1608,39.5927],[125.2294,39.5927],[125.2157,39.5739],[125.2401,39.5645],[125.2904,39.5233],[125.4489,39.5856],[125.4565,39.5727],[125.4534,39.5586],[125.4458,39.5492],[125.4169,39.5398],[125.4016,39.5033],[125.3483,39.4609],[125.3483,39.4361],[125.3879,39.442],[125.3635,39.4149],[125.3635,39.3996],[125.4641,39.3866],[125.4489,39.3677],[125.4275,39.3595],[125.4092,39.3666],[125.4245,39.3524],[125.4199,39.3229],[125.4489,39.3123],[125.3986,39.2485],[125.4169,39.2154],[125.3696,39.2225],[125.3483,39.2142],[125.3346,39.1953],[125.3483,39.1705],[125.3117,39.1669],[125.2904,39.1539],[125.298,39.1444],[125.2873,39.0911],[125.3376,39.084],[125.2766,39.0829],[125.2157,39.0034],[125.205,38.9762],[125.176,38.9406],[125.1395,38.8051],[125.1501,38.7778],[125.176,38.7647],[125.1943,38.7397],[125.2218,38.7409],[125.234,38.773],[125.2294,38.7968],[125.2446,38.7956],[125.2583,38.7849],[125.2583,38.7635],[125.2721,38.7564],[125.2477,38.729],[125.266,38.7087],[125.2843,38.704],[125.3117,38.7087],[125.301,38.723],[125.3056,38.7361],[125.3193,38.723],[125.3452,38.7195],[125.3559,38.723],[125.3589,38.7361],[125.3666,38.7361],[125.3772,38.723],[125.3909,38.7195],[125.4382,38.7373],[125.4169,38.7564],[125.4275,38.7564],[125.4412,38.7766],[125.4534,38.7778],[125.4809,38.729],[125.5312,38.723],[125.5937,38.6671],[125.6363,38.6599],[125.6607,38.6325],[125.6439,38.6277],[125.5891,38.6432],[125.5601,38.679],[125.5495,38.6802],[125.5357,38.6551],[125.5251,38.6528],[125.5098,38.6873],[125.4672,38.7087],[125.4565,38.7052],[125.4458,38.6873],[125.4016,38.6956],[125.3483,38.6885],[125.3056,38.6587],[125.2721,38.6718],[125.208,38.6528],[125.1821,38.6718],[125.1867,38.6432],[125.1821,38.6361],[125.1608,38.6325],[125.1425,38.6635],[125.1288,38.6671],[125.1212,38.6468],[125.1395,38.6265],[125.1395,38.592],[125.1318,38.58],[125.1075,38.5943],[125.0648,38.5693],[125.0419,38.592],[125.0206,38.5836],[125.0023,38.5943],[124.9886,38.592],[124.9855,38.586],[125.0023,38.5669],[124.9992,38.5371],[125.0252,38.5168],[125.0206,38.4989],[124.9779,38.4415],[124.9779,38.4642],[124.952,38.4523],[124.8849,38.3458],[124.8727,38.2836],[124.8773,38.2572],[124.92,38.2297],[124.9703,38.2357],[124.9962,38.2273],[124.923,38.1901],[124.8849,38.2309],[124.859,38.2273],[124.827,38.1865],[124.7828,38.1805],[124.7691,38.1565],[124.7508,38.1481],[124.7005,38.1457],[124.6792,38.1373],[124.6716,38.1265],[124.6822,38.1157],[124.7981,38.0989],[124.8453,38.1025],[124.8697,38.1073],[124.891,38.1325],[124.9093,38.1265],[124.9413,38.0989],[125.0175,38.0641],[125.1425,38.0989],[125.2111,38.0833],[125.269,38.0785],[125.2766,38.0641],[125.2583,38.0544],[125.2507,38.0208],[125.2294,38.0232],[125.2187,38.046],[125.205,38.0496],[125.1212,38.0436],[125.1105,38.0352],[125.1153,38.0195]]]}},{"type":"Feature","properties":{"id":"front-oct50","beat":"oct50","kind":"front","date":"15 Sep – 1 Oct 1950","line":"Back at the parallel"},"geometry":{"type":"Polygon","coordinates":[[[125.1147,38.0372],[125.122,38.0374],[125.1657,38.0383],[125.2094,38.0392],[125.253,38.0401],[125.2967,38.0411],[125.3404,38.042],[125.3841,38.0429],[125.4278,38.0438],[125.4715,38.0447],[125.5151,38.0456],[125.5588,38.0466],[125.6025,38.0475],[125.6462,38.0484],[125.6899,38.0493],[125.7336,38.0502],[125.7773,38.0511],[125.8209,38.0521],[125.8646,38.053],[125.9083,38.0539],[125.952,38.0548],[125.9957,38.0557],[126.0394,38.0566],[126.083,38.0576],[126.1267,38.0585],[126.1704,38.0594],[126.2141,38.0603],[126.2578,38.0612],[126.3015,38.0622],[126.3452,38.0631],[126.3888,38.064],[126.4325,38.0649],[126.4762,38.0658],[126.5199,38.0667],[126.5636,38.0677],[126.6076,38.0685],[126.6516,38.0685],[126.6953,38.0685],[126.739,38.0685],[126.7827,38.0685],[126.8264,38.0685],[126.8701,38.0685],[126.9138,38.0685],[126.9575,38.0685],[127.0012,38.0685],[127.0449,38.0685],[127.0886,38.0685],[127.1323,38.0685],[127.176,38.0685],[127.2197,38.0685],[127.2634,38.0685],[127.3071,38.0685],[127.3508,38.0685],[127.3945,38.0685],[127.4382,38.0685],[127.4815,38.0685],[127.5243,38.0697],[127.5675,38.0721],[127.6111,38.0746],[127.6547,38.077],[127.6983,38.0795],[127.7419,38.0819],[127.7855,38.0844],[127.829,38.0868],[127.8726,38.0893],[127.9162,38.0917],[127.9598,38.0942],[128.0034,38.0966],[128.047,38.0991],[128.0906,38.1015],[128.1342,38.104],[128.1778,38.1064],[128.2213,38.1089],[128.2649,38.1113],[128.3085,38.1138],[128.3521,38.1162],[128.3964,38.1187],[128.4409,38.119],[128.4847,38.119],[128.5284,38.119],[128.5721,38.119],[128.6158,38.119],[128.6595,38.119],[128.7032,38.119],[128.6687,38.0836],[128.6687,38.119],[128.7032,38.0836],[128.6595,38.0836],[128.6158,38.0836],[128.5721,38.0836],[128.5284,38.0836],[128.4847,38.0836],[128.4411,38.0836],[128.3982,38.0833],[128.3553,38.0809],[128.3117,38.0785],[128.2681,38.076],[128.2245,38.0736],[128.181,38.0711],[128.1374,38.0687],[128.0938,38.0662],[128.0502,38.0638],[128.0066,38.0613],[127.963,38.0589],[127.9194,38.0564],[127.8758,38.054],[127.8322,38.0515],[127.7887,38.0491],[127.7451,38.0466],[127.7015,38.0442],[127.6579,38.0417],[127.6143,38.0393],[127.5707,38.0368],[127.5267,38.0344],[127.4823,38.0331],[127.4382,38.0331],[127.3945,38.0331],[127.3508,38.0331],[127.3071,38.0331],[127.2634,38.0331],[127.2197,38.0331],[127.176,38.0331],[127.1323,38.0331],[127.0886,38.0331],[127.0449,38.0331],[127.0012,38.0331],[126.9575,38.0331],[126.9138,38.0331],[126.8701,38.0331],[126.8264,38.0331],[126.7827,38.0331],[126.739,38.0331],[126.6953,38.0331],[126.6516,38.0331],[126.6081,38.0331],[126.5648,38.0323],[126.5211,38.0313],[126.4774,38.0304],[126.4337,38.0295],[126.39,38.0286],[126.3464,38.0277],[126.3027,38.0268],[126.259,38.0258],[126.2153,38.0249],[126.1716,38.024],[126.1279,38.0231],[126.0842,38.0222],[126.0406,38.0212],[125.9969,38.0203],[125.9532,38.0194],[125.9095,38.0185],[125.8658,38.0176],[125.8221,38.0167],[125.7785,38.0157],[125.7348,38.0148],[125.6911,38.0139],[125.6474,38.013],[125.6037,38.0121],[125.56,38.0112],[125.5163,38.0102],[125.4727,38.0093],[125.429,38.0084],[125.3853,38.0075],[125.3416,38.0066],[125.2979,38.0056],[125.2542,38.0047],[125.2105,38.0038],[125.1669,38.0029],[125.1232,38.002],[125.1159,38.0018],[125.1147,38.0372]]]}},{"type":"Feature","properties":{"id":"held-nov50","beat":"nov50","kind":"held","date":"24 Nov 1950","line":"Chongchon–Chosin–Hyesan–Chongjin","held_by_north_pct":18,"computed_share_pct":19},"geometry":{"type":"Polygon","coordinates":[[[124.5934,39.7248],[124.6363,39.7265],[124.6993,39.7289],[124.7624,39.7314],[124.8255,39.7338],[124.8886,39.7363],[124.9516,39.7387],[125.0147,39.7412],[125.0778,39.7436],[125.1409,39.7461],[125.2039,39.7485],[125.267,39.751],[125.3259,39.7633],[125.3789,39.7898],[125.4318,39.8162],[125.4848,39.8426],[125.5378,39.869],[125.5907,39.8954],[125.6437,39.9218],[125.6966,39.9482],[125.7368,39.9851],[125.7752,40.0236],[125.8135,40.062],[125.8518,40.1004],[125.8901,40.1388],[125.9285,40.1772],[125.9668,40.2155],[126.0051,40.2538],[126.0435,40.2921],[126.0818,40.3304],[126.1304,40.3528],[126.1936,40.3528],[126.2567,40.3528],[126.3199,40.3528],[126.383,40.3528],[126.4462,40.3528],[126.5094,40.3528],[126.5725,40.3528],[126.6357,40.3528],[126.6988,40.3528],[126.762,40.3528],[126.8251,40.3528],[126.8883,40.3528],[126.9514,40.3528],[127.0102,40.3595],[127.0485,40.3978],[127.0868,40.436],[127.1251,40.4742],[127.1634,40.5124],[127.2017,40.5506],[127.24,40.5888],[127.2783,40.6269],[127.3158,40.6654],[127.3518,40.7047],[127.3879,40.7441],[127.4239,40.7833],[127.4599,40.8226],[127.496,40.8618],[127.532,40.9011],[127.5681,40.9402],[127.6041,40.9794],[127.6401,41.0186],[127.6762,41.0577],[127.7122,41.0968],[127.7482,41.1359],[127.7843,41.1749],[127.8203,41.2139],[127.8563,41.2529],[127.8924,41.2919],[127.943,41.3182],[127.9995,41.3395],[128.0559,41.3607],[128.1124,41.3819],[128.1689,41.4031],[128.2254,41.4243],[128.2818,41.4455],[128.3405,41.4627],[128.4004,41.4776],[128.4604,41.4926],[128.5203,41.5075],[128.5802,41.5225],[128.6401,41.5374],[128.7001,41.5523],[128.76,41.5672],[128.8199,41.5821],[128.8798,41.5971],[128.9397,41.6121],[128.9996,41.6271],[129.0595,41.6422],[129.1193,41.6572],[129.1792,41.6723],[129.239,41.6873],[129.2989,41.7023],[129.3588,41.7174],[129.4186,41.7324],[129.4785,41.7474],[129.5394,41.7595],[129.6011,41.7698],[129.6627,41.7801],[129.7243,41.7904],[129.786,41.8006],[129.8476,41.8109],[129.9092,41.8212],[129.8809,41.8165],[129.8856,41.8283],[129.8856,41.8601],[129.9008,41.9078],[129.9145,41.9146],[129.9405,41.9078],[129.9466,41.8976],[129.9572,41.8953],[129.9648,41.9021],[129.9755,41.9453],[129.9862,41.9589],[130.0045,41.9646],[129.9831,41.985],[130.0045,41.994],[130.0045,42.0145],[130.0151,42.0179],[130.0304,41.9952],[130.0365,41.9986],[130.0471,42.0394],[130.0548,42.0541],[130.07,42.0541],[130.0761,42.0813],[130.0944,42.0938],[130.1233,42.0938],[130.1523,42.0779],[130.1706,42.0802],[130.163,42.0881],[130.1767,42.1017],[130.1874,42.1074],[130.2026,42.1051],[130.2026,42.1764],[130.2316,42.1866],[130.2956,42.2408],[130.3108,42.2408],[130.3169,42.2216],[130.3108,42.1866],[130.3322,42.1945],[130.3352,42.2171],[130.3535,42.2205],[130.3718,42.2352],[130.3611,42.2476],[130.3672,42.2589],[130.3794,42.2611],[130.4038,42.2453],[130.4068,42.2645],[130.3931,42.2679],[130.3855,42.295],[130.4068,42.3119],[130.4068,42.3289],[130.4221,42.3289],[130.4404,42.3131],[130.4587,42.3153],[130.4724,42.3255],[130.4693,42.339],[130.483,42.3435],[130.512,42.3401],[130.541,42.3221],[130.5699,42.3187],[130.5989,42.3018],[130.5989,42.2657],[130.7025,42.2984],[130.6629,42.3255],[130.6598,42.3875],[130.6492,42.4044],[130.5882,42.4359],[130.576,42.4495],[130.5257,42.553],[130.5196,42.6035],[130.5044,42.6136],[130.4861,42.6136],[130.4693,42.6035],[130.4587,42.5889],[130.4724,42.5732],[130.4693,42.5586],[130.4541,42.553],[130.4327,42.5653],[130.4297,42.6035],[130.4221,42.6091],[130.3931,42.6103],[130.3245,42.654],[130.3169,42.6709],[130.2636,42.7124],[130.2453,42.7471],[130.2559,42.8703],[130.2422,42.906],[130.195,42.9128],[130.1416,42.9116],[130.102,42.925],[130.131,42.9641],[130.134,42.9775],[130.1233,42.9854],[130.0471,42.9653],[129.9968,42.9653],[129.9725,42.9775],[129.9359,43.0121],[129.9222,43.0144],[129.8825,43.001],[129.8856,42.992],[129.9069,42.9809],[129.8642,42.9742],[129.8536,42.9653],[129.8505,42.9317],[129.7987,42.8401],[129.7926,42.7964],[129.7637,42.7505],[129.756,42.7258],[129.7606,42.7068],[129.788,42.6877],[129.788,42.681],[129.7743,42.6664],[129.7774,42.6507],[129.753,42.6462],[129.7423,42.6327],[129.7484,42.6192],[129.7637,42.6159],[129.7637,42.6103],[129.7377,42.5889],[129.7316,42.4787],[129.7057,42.4461],[129.6737,42.4416],[129.5945,42.4517],[129.5914,42.4145],[129.5655,42.4078],[129.5549,42.3807],[129.5366,42.374],[129.5183,42.3943],[129.4893,42.4055],[129.436,42.445],[129.3887,42.4314],[129.3643,42.4483],[129.343,42.4483],[129.3537,42.4247],[129.3384,42.4179],[129.3278,42.4292],[129.3171,42.4258],[129.3064,42.392],[129.2455,42.383],[129.2302,42.3627],[129.2302,42.3537],[129.2455,42.3424],[129.2378,42.3266],[129.1952,42.3221],[129.1952,42.3153],[129.2302,42.3018],[129.2195,42.295],[129.2134,42.2713],[129.1845,42.2577],[129.1875,42.2385],[129.2134,42.2385],[129.2134,42.2239],[129.1235,42.1526],[129.09,42.1458],[129.0656,42.1572],[129.0656,42.139],[129.029,42.1051],[128.965,42.0915],[128.9437,42.0394],[128.9071,42.0292],[128.8202,42.0473],[128.7242,42.0507],[128.712,42.0349],[128.6846,42.0292],[128.6114,42.0349],[128.5901,42.0247],[128.5764,42.0077],[128.5657,42.0043],[128.5474,42.0111],[128.5047,41.9986],[128.4575,42.0145],[128.4102,42.0122],[128.3676,42.0292],[128.2624,42.036],[128.1039,42.002],[128.0368,41.9975],[128.0216,41.968],[128.0505,41.8669],[128.0612,41.8533],[128.0932,41.8453],[128.1481,41.7577],[128.1618,41.7144],[128.2517,41.6632],[128.2853,41.6255],[128.2853,41.6084],[128.3066,41.5867],[128.2914,41.5479],[128.1877,41.4073],[128.1481,41.3787],[128.1085,41.3821],[128.1222,41.3959],[128.1085,41.4027],[128.0902,41.3924],[128.0688,41.3924],[128.0505,41.4027],[128.0536,41.4245],[128.0185,41.4165],[128.014,41.4634],[128.0033,41.4736],[127.9789,41.4531],[127.9469,41.4736],[127.9073,41.4702],[127.8844,41.4634],[127.8676,41.4416],[127.8524,41.4348],[127.8311,41.4359],[127.8128,41.4462],[127.7884,41.4393],[127.6939,41.4416],[127.6619,41.4496],[127.6406,41.4325],[127.6009,41.4531],[127.5613,41.4611],[127.5476,41.4714],[127.5476,41.4931],[127.5293,41.4874],[127.479,41.5022],[127.4317,41.4874],[127.4058,41.4874],[127.3814,41.5022],[127.3494,41.4931],[127.3098,41.4965],[127.2732,41.5091],[127.2915,41.5228],[127.2839,41.5342],[127.2489,41.5308],[127.2092,41.5491],[127.1833,41.5205],[127.1589,41.5342],[127.1361,41.5262],[127.133,41.5342],[127.1086,41.5411],[127.1223,41.5593],[127.1406,41.573],[127.1833,41.5879],[127.1696,41.5982],[127.101,41.6153],[127.1086,41.629],[127.0614,41.6461],[127.0538,41.6814],[127.0797,41.6848],[127.0461,41.7349],[127.0355,41.7349],[126.9852,41.7668],[126.9501,41.7691],[126.9425,41.7759],[126.9425,41.7975],[126.9318,41.8044],[126.8922,41.7873],[126.8663,41.7509],[126.813,41.7338],[126.7916,41.6996],[126.7306,41.7406],[126.7017,41.7441],[126.6834,41.7384],[126.691,41.727],[126.7306,41.7053],[126.6834,41.6746],[126.6224,41.6689],[126.5721,41.6175],[126.5859,41.5776],[126.5615,41.5376],[126.5462,41.4919],[126.5036,41.4382],[126.5249,41.381],[126.5249,41.3546],[126.4929,41.3466],[126.5036,41.3684],[126.4746,41.3707],[126.4456,41.3512],[126.3953,41.3065],[126.3588,41.2515],[126.313,41.2113],[126.2658,41.1458],[126.1515,41.0952],[126.1286,41.078],[126.1439,41.0596],[126.1042,41.0251],[126.1073,41.0124],[126.0783,40.9997],[126.0753,40.9836],[126.0494,40.9479],[126.0326,40.9375],[125.996,40.9306],[125.9854,40.9156],[126.0143,40.9156],[126.0097,40.9018],[125.9671,40.8937],[125.9381,40.8798],[125.9061,40.9018],[125.8878,40.9006],[125.8268,40.8718],[125.7659,40.8891],[125.7506,40.8706],[125.7125,40.8637],[125.6866,40.8498],[125.647,40.8129],[125.6866,40.7725],[125.6729,40.7655],[125.615,40.7632],[125.6043,40.7759],[125.5754,40.7875],[125.5647,40.7806],[125.5495,40.7285],[125.4809,40.7216],[125.4595,40.6961],[125.4565,40.6753],[125.4245,40.6695],[125.4169,40.6336],[125.3879,40.6371],[125.3772,40.6475],[125.3406,40.6441],[125.298,40.651],[125.2797,40.6452],[125.2614,40.6163],[125.1867,40.5966],[125.0785,40.5502],[125.0282,40.5375],[125.0206,40.5108],[125.0495,40.4725],[125.0465,40.4632],[124.9383,40.4574],[124.8987,40.4864],[124.856,40.4342],[124.8057,40.397],[124.7432,40.3737],[124.7188,40.3121],[124.6472,40.297],[124.574,40.2551],[124.5572,40.2388],[124.5527,40.2224],[124.5313,40.2166],[124.3728,40.1],[124.3942,40.0509],[124.417,40.0393],[124.5024,40.0252],[124.4704,40.0171],[124.4094,40.0299],[124.3881,40.0054],[124.3728,39.9422],[124.3378,39.927],[124.3271,39.9153],[124.3484,39.9024],[124.3667,39.8732],[124.4018,39.8685],[124.4231,39.8263],[124.4384,39.8322],[124.5679,39.8158],[124.571,39.7806],[124.5923,39.7689],[124.5893,39.7266],[124.5934,39.7248]]]}},{"type":"Feature","properties":{"id":"front-nov50","beat":"nov50","kind":"front","date":"24 Nov 1950","line":"Chongchon–Chosin–Hyesan–Chongjin"},"geometry":{"type":"Polygon","coordinates":[[[124.5923,39.7421],[124.6351,39.7438],[124.6982,39.7462],[124.7613,39.7486],[124.8244,39.7511],[124.8874,39.7535],[124.9505,39.756],[125.0136,39.7584],[125.0767,39.7609],[125.1397,39.7633],[125.2028,39.7658],[125.2635,39.768],[125.3167,39.7791],[125.3666,39.8042],[125.4196,39.8307],[125.4725,39.8571],[125.5255,39.8835],[125.5785,39.9099],[125.6314,39.9363],[125.6817,39.9611],[125.7193,39.9959],[125.7573,40.034],[125.7956,40.0725],[125.8339,40.1109],[125.8723,40.1493],[125.9106,40.1876],[125.9489,40.2259],[125.9873,40.2643],[126.0256,40.3026],[126.0666,40.3431],[126.1247,40.3694],[126.1936,40.3699],[126.2567,40.3699],[126.3199,40.3699],[126.383,40.3699],[126.4462,40.3699],[126.5094,40.3699],[126.5725,40.3699],[126.6357,40.3699],[126.6988,40.3699],[126.762,40.3699],[126.8251,40.3699],[126.8883,40.3699],[126.9498,40.3699],[126.9985,40.3742],[127.0306,40.4082],[127.0689,40.4464],[127.1072,40.4846],[127.1455,40.5228],[127.1838,40.561],[127.2221,40.5991],[127.2603,40.6371],[127.2975,40.6754],[127.3334,40.7145],[127.3694,40.7538],[127.4054,40.7931],[127.4415,40.8323],[127.4775,40.8715],[127.5136,40.9108],[127.5496,40.9499],[127.5856,40.9891],[127.6217,41.0282],[127.6577,41.0674],[127.6937,41.1064],[127.7298,41.1455],[127.7658,41.1846],[127.8018,41.2236],[127.8379,41.2626],[127.8764,41.3039],[127.9315,41.3328],[127.9894,41.3546],[128.0459,41.3758],[128.1023,41.397],[128.1588,41.4182],[128.2153,41.4394],[128.2727,41.4609],[128.3329,41.4785],[128.3933,41.4936],[128.4533,41.5086],[128.5132,41.5235],[128.5731,41.5384],[128.633,41.5533],[128.693,41.5683],[128.7529,41.5832],[128.8128,41.5981],[128.8727,41.613],[128.9326,41.628],[128.9924,41.643],[129.0523,41.6581],[129.1121,41.6731],[129.172,41.6882],[129.2319,41.7032],[129.2917,41.7182],[129.3516,41.7333],[129.4114,41.7483],[129.472,41.7635],[129.5341,41.7758],[129.5962,41.7862],[129.6578,41.7964],[129.7194,41.8067],[129.7811,41.817],[129.8427,41.8273],[129.9043,41.8375],[129.8858,41.8001],[129.8759,41.8328],[129.9141,41.8048],[129.8525,41.7946],[129.7909,41.7843],[129.7292,41.774],[129.6676,41.7637],[129.606,41.7534],[129.5448,41.7432],[129.485,41.7314],[129.4258,41.7165],[129.3659,41.7015],[129.3061,41.6864],[129.2462,41.6714],[129.1863,41.6563],[129.1265,41.6413],[129.0666,41.6262],[129.0068,41.6112],[128.9469,41.5961],[128.887,41.5811],[128.827,41.5662],[128.7671,41.5513],[128.7072,41.5363],[128.6472,41.5214],[128.5873,41.5065],[128.5274,41.4915],[128.4675,41.4766],[128.4075,41.4617],[128.3482,41.4469],[128.291,41.4301],[128.2354,41.4093],[128.1789,41.388],[128.1225,41.3668],[128.066,41.3456],[128.0095,41.3244],[127.9544,41.3037],[127.9083,41.28],[127.8748,41.2433],[127.8388,41.2043],[127.8027,41.1653],[127.7667,41.1262],[127.7307,41.0871],[127.6946,41.048],[127.6586,41.0089],[127.6225,40.9697],[127.5865,40.9306],[127.5505,40.8914],[127.5144,40.8521],[127.4784,40.8129],[127.4424,40.7736],[127.4063,40.7343],[127.3703,40.695],[127.3341,40.6555],[127.2963,40.6166],[127.2579,40.5784],[127.2196,40.5403],[127.1813,40.5021],[127.143,40.4639],[127.1047,40.4256],[127.0664,40.3874],[127.0219,40.3449],[126.9531,40.3357],[126.8883,40.3357],[126.8251,40.3357],[126.762,40.3357],[126.6988,40.3357],[126.6357,40.3357],[126.5725,40.3357],[126.5094,40.3357],[126.4462,40.3357],[126.383,40.3357],[126.3199,40.3357],[126.2567,40.3357],[126.1936,40.3357],[126.1361,40.3362],[126.097,40.3178],[126.0613,40.2817],[126.023,40.2434],[125.9847,40.2051],[125.9463,40.1668],[125.908,40.1284],[125.8697,40.09],[125.8314,40.0516],[125.793,40.0132],[125.7544,39.9744],[125.7115,39.9353],[125.6559,39.9074],[125.603,39.881],[125.55,39.8546],[125.497,39.8281],[125.4441,39.8017],[125.3911,39.7753],[125.3352,39.7475],[125.2705,39.7339],[125.2051,39.7312],[125.142,39.7288],[125.0789,39.7264],[125.0158,39.7239],[124.9528,39.7215],[124.8897,39.719],[124.8266,39.7166],[124.7635,39.7141],[124.7005,39.7117],[124.6374,39.7092],[124.5945,39.7075],[124.5923,39.7421]]]}},{"type":"Feature","properties":{"id":"held-dec50","beat":"dec50","kind":"held","date":"25 Nov – 24 Dec 1950","line":"Back at the parallel; Hungnam pocket","held_by_north_pct":56,"computed_share_pct":58},"geometry":{"type":"Polygon","coordinates":[[[125.038,37.9675],[125.0808,37.9683],[125.1246,37.9692],[125.1684,37.9701],[125.2121,37.9709],[125.2559,37.9718],[125.2997,37.9726],[125.3435,37.9735],[125.3873,37.9744],[125.431,37.9752],[125.4748,37.9761],[125.5186,37.977],[125.5624,37.9778],[125.6062,37.9787],[125.6499,37.9796],[125.6937,37.9804],[125.7375,37.9813],[125.7813,37.9822],[125.8251,37.983],[125.8688,37.9839],[125.9126,37.9848],[125.9564,37.9856],[126.0002,37.9865],[126.044,37.9874],[126.0877,37.9882],[126.1315,37.9891],[126.1753,37.99],[126.2191,37.9908],[126.2629,37.9917],[126.3066,37.9926],[126.3504,37.9934],[126.3942,37.9943],[126.438,37.9952],[126.4818,37.996],[126.5255,37.9969],[126.5693,37.9978],[126.6131,37.9986],[126.6569,37.9995],[126.7007,38.0003],[126.7443,38.003],[126.788,38.0057],[126.8316,38.0085],[126.8753,38.0112],[126.9189,38.014],[126.9626,38.0167],[127.0063,38.0195],[127.0499,38.0222],[127.0936,38.025],[127.1372,38.0277],[127.1809,38.0305],[127.2245,38.0332],[127.2682,38.036],[127.3118,38.0387],[127.3555,38.0415],[127.3991,38.0442],[127.4428,38.047],[127.4865,38.0497],[127.5299,38.0537],[127.5733,38.0586],[127.6167,38.0634],[127.66,38.0682],[127.7034,38.073],[127.7468,38.0778],[127.7901,38.0826],[127.8335,38.0874],[127.8769,38.0922],[127.9202,38.097],[127.9636,38.1018],[128.007,38.1066],[128.0503,38.1115],[128.0937,38.1163],[128.1371,38.1211],[128.1804,38.1259],[128.2238,38.1307],[128.2671,38.1355],[128.3105,38.1403],[128.3539,38.1451],[128.3972,38.1499],[128.4409,38.1524],[128.4846,38.1546],[128.5283,38.1568],[128.572,38.159],[128.6157,38.1612],[128.6594,38.1635],[128.6287,38.1619],[128.5657,38.2896],[128.4758,38.4272],[128.4422,38.506],[128.3676,38.6265],[128.363,38.6802],[128.3493,38.6968],[128.3249,38.7123],[128.2853,38.7564],[128.2121,38.729],[128.0932,38.8444],[128.0185,38.8598],[127.9637,38.918],[127.9286,38.9358],[127.9179,38.9655],[127.9103,38.969],[127.892,38.9619],[127.889,38.9762],[127.8524,39.0034],[127.828,39.0449],[127.7625,39.1184],[127.6649,39.1231],[127.6482,39.1397],[127.6116,39.1539],[127.5354,39.148],[127.514,39.1586],[127.4927,39.1953],[127.4744,39.1953],[127.4744,39.1705],[127.4577,39.1669],[127.3952,39.2036],[127.3738,39.2414],[127.4028,39.3253],[127.3952,39.343],[127.418,39.343],[127.4287,39.3323],[127.4714,39.3406],[127.4744,39.3489],[127.4714,39.3666],[127.4577,39.3701],[127.4287,39.3595],[127.3921,39.3677],[127.3814,39.3795],[127.4287,39.3937],[127.4714,39.4326],[127.4973,39.4361],[127.511,39.4102],[127.5476,39.3725],[127.5293,39.3465],[127.5247,39.317],[127.5476,39.304],[127.5643,39.317],[127.5643,39.3465],[127.5217,39.5115],[127.54,39.5539],[127.5796,39.5962],[127.572,39.6197],[127.5537,39.6385],[127.514,39.6515],[127.5034,39.709],[127.5247,39.7477],[127.5537,39.763],[127.5643,39.7853],[127.5796,39.7993],[127.6116,39.8122],[127.6253,39.8322],[127.6512,39.8228],[127.6649,39.8087],[127.6832,39.8193],[127.6985,39.8497],[127.7305,39.8591],[127.7671,39.8568],[127.7945,39.8685],[127.7991,39.8779],[127.7838,39.8872],[127.8783,39.8954],[127.892,39.9633],[127.9103,39.9867],[127.9317,39.975],[127.9423,39.9762],[127.9682,40.0065],[128.0002,40.0217],[128.0109,40.0474],[128.1405,40.0288],[128.1588,40.0182],[128.1953,40.0323],[128.238,40.0323],[128.2304,40.0591],[128.238,40.0696],[128.267,40.079],[128.2853,40.0673],[128.3066,40.0358],[128.331,40.0299],[128.3416,40.0696],[128.3676,40.1],[128.4148,40.0977],[128.4392,40.1058],[128.4819,40.1373],[128.5108,40.1373],[128.5291,40.1455],[128.5474,40.1688],[128.5901,40.1886],[128.6297,40.1828],[128.6663,40.2026],[128.6693,40.2434],[128.6587,40.2597],[128.619,40.2737],[128.6221,40.2993],[128.6404,40.3156],[128.6587,40.3226],[128.6587,40.3121],[128.6739,40.3121],[128.6907,40.333],[128.7242,40.3412],[128.7562,40.3377],[128.7669,40.3482],[128.8172,40.3563],[128.8309,40.3703],[128.8644,40.3737],[128.9787,40.4632],[129.0336,40.476],[129.0793,40.4748],[129.1632,40.5676],[129.1738,40.5711],[129.1769,40.607],[129.1982,40.6406],[129.2195,40.6996],[129.2348,40.7077],[129.2744,40.7112],[129.2881,40.6857],[129.3064,40.6753],[129.3537,40.7482],[129.4283,40.784],[129.4786,40.7956],[129.5076,40.7944],[129.5335,40.8094],[129.5549,40.8129],[129.5549,40.8314],[129.5731,40.8429],[129.6661,40.8418],[129.6981,40.8487],[129.7088,40.8383],[129.721,40.8383],[129.7377,40.8741],[129.7347,40.8937],[129.756,40.9121],[129.756,40.941],[129.7667,40.9479],[129.7316,40.9813],[129.721,41.0596],[129.7316,41.0883],[129.7134,41.1251],[129.7606,41.2962],[129.7713,41.318],[129.788,41.3283],[129.8063,41.3787],[129.7987,41.389],[129.7713,41.389],[129.7606,41.3959],[129.7377,41.4245],[129.7164,41.4222],[129.6631,41.4679],[129.6554,41.4965],[129.6631,41.5296],[129.6524,41.5525],[129.6692,41.5799],[129.692,41.6529],[129.7164,41.678],[129.753,41.6996],[129.7774,41.7623],[129.814,41.7805],[129.8277,41.7805],[129.846,41.7623],[129.8536,41.7668],[129.8566,41.7839],[129.8719,41.7941],[129.8856,41.8283],[129.8856,41.8601],[129.9008,41.9078],[129.9145,41.9146],[129.9405,41.9078],[129.9466,41.8976],[129.9572,41.8953],[129.9648,41.9021],[129.9755,41.9453],[129.9862,41.9589],[130.0045,41.9646],[129.9831,41.985],[130.0045,41.994],[130.0045,42.0145],[130.0151,42.0179],[130.0304,41.9952],[130.0365,41.9986],[130.0471,42.0394],[130.0548,42.0541],[130.07,42.0541],[130.0761,42.0813],[130.0944,42.0938],[130.1233,42.0938],[130.1523,42.0779],[130.1706,42.0802],[130.163,42.0881],[130.1767,42.1017],[130.1874,42.1074],[130.2026,42.1051],[130.2026,42.1764],[130.2316,42.1866],[130.2956,42.2408],[130.3108,42.2408],[130.3169,42.2216],[130.3108,42.1866],[130.3322,42.1945],[130.3352,42.2171],[130.3535,42.2205],[130.3718,42.2352],[130.3611,42.2476],[130.3672,42.2589],[130.3794,42.2611],[130.4038,42.2453],[130.4068,42.2645],[130.3931,42.2679],[130.3855,42.295],[130.4068,42.3119],[130.4068,42.3289],[130.4221,42.3289],[130.4404,42.3131],[130.4587,42.3153],[130.4724,42.3255],[130.4693,42.339],[130.483,42.3435],[130.512,42.3401],[130.541,42.3221],[130.5699,42.3187],[130.5989,42.3018],[130.5989,42.2657],[130.7025,42.2984],[130.6629,42.3255],[130.6598,42.3875],[130.6492,42.4044],[130.5882,42.4359],[130.576,42.4495],[130.5257,42.553],[130.5196,42.6035],[130.5044,42.6136],[130.4861,42.6136],[130.4693,42.6035],[130.4587,42.5889],[130.4724,42.5732],[130.4693,42.5586],[130.4541,42.553],[130.4327,42.5653],[130.4297,42.6035],[130.4221,42.6091],[130.3931,42.6103],[130.3245,42.654],[130.3169,42.6709],[130.2636,42.7124],[130.2453,42.7471],[130.2559,42.8703],[130.2422,42.906],[130.195,42.9128],[130.1416,42.9116],[130.102,42.925],[130.131,42.9641],[130.134,42.9775],[130.1233,42.9854],[130.0471,42.9653],[129.9968,42.9653],[129.9725,42.9775],[129.9359,43.0121],[129.9222,43.0144],[129.8825,43.001],[129.8856,42.992],[129.9069,42.9809],[129.8642,42.9742],[129.8536,42.9653],[129.8505,42.9317],[129.7987,42.8401],[129.7926,42.7964],[129.7637,42.7505],[129.756,42.7258],[129.7606,42.7068],[129.788,42.6877],[129.788,42.681],[129.7743,42.6664],[129.7774,42.6507],[129.753,42.6462],[129.7423,42.6327],[129.7484,42.6192],[129.7637,42.6159],[129.7637,42.6103],[129.7377,42.5889],[129.7316,42.4787],[129.7057,42.4461],[129.6737,42.4416],[129.5945,42.4517],[129.5914,42.4145],[129.5655,42.4078],[129.5549,42.3807],[129.5366,42.374],[129.5183,42.3943],[129.4893,42.4055],[129.436,42.445],[129.3887,42.4314],[129.3643,42.4483],[129.343,42.4483],[129.3537,42.4247],[129.3384,42.4179],[129.3278,42.4292],[129.3171,42.4258],[129.3064,42.392],[129.2455,42.383],[129.2302,42.3627],[129.2302,42.3537],[129.2455,42.3424],[129.2378,42.3266],[129.1952,42.3221],[129.1952,42.3153],[129.2302,42.3018],[129.2195,42.295],[129.2134,42.2713],[129.1845,42.2577],[129.1875,42.2385],[129.2134,42.2385],[129.2134,42.2239],[129.1235,42.1526],[129.09,42.1458],[129.0656,42.1572],[129.0656,42.139],[129.029,42.1051],[128.965,42.0915],[128.9437,42.0394],[128.9071,42.0292],[128.8202,42.0473],[128.7242,42.0507],[128.712,42.0349],[128.6846,42.0292],[128.6114,42.0349],[128.5901,42.0247],[128.5764,42.0077],[128.5657,42.0043],[128.5474,42.0111],[128.5047,41.9986],[128.4575,42.0145],[128.4102,42.0122],[128.3676,42.0292],[128.2624,42.036],[128.1039,42.002],[128.0368,41.9975],[128.0216,41.968],[128.0505,41.8669],[128.0612,41.8533],[128.0932,41.8453],[128.1481,41.7577],[128.1618,41.7144],[128.2517,41.6632],[128.2853,41.6255],[128.2853,41.6084],[128.3066,41.5867],[128.2914,41.5479],[128.1877,41.4073],[128.1481,41.3787],[128.1085,41.3821],[128.1222,41.3959],[128.1085,41.4027],[128.0902,41.3924],[128.0688,41.3924],[128.0505,41.4027],[128.0536,41.4245],[128.0185,41.4165],[128.014,41.4634],[128.0033,41.4736],[127.9789,41.4531],[127.9469,41.4736],[127.9073,41.4702],[127.8844,41.4634],[127.8676,41.4416],[127.8524,41.4348],[127.8311,41.4359],[127.8128,41.4462],[127.7884,41.4393],[127.6939,41.4416],[127.6619,41.4496],[127.6406,41.4325],[127.6009,41.4531],[127.5613,41.4611],[127.5476,41.4714],[127.5476,41.4931],[127.5293,41.4874],[127.479,41.5022],[127.4317,41.4874],[127.4058,41.4874],[127.3814,41.5022],[127.3494,41.4931],[127.3098,41.4965],[127.2732,41.5091],[127.2915,41.5228],[127.2839,41.5342],[127.2489,41.5308],[127.2092,41.5491],[127.1833,41.5205],[127.1589,41.5342],[127.1361,41.5262],[127.133,41.5342],[127.1086,41.5411],[127.1223,41.5593],[127.1406,41.573],[127.1833,41.5879],[127.1696,41.5982],[127.101,41.6153],[127.1086,41.629],[127.0614,41.6461],[127.0538,41.6814],[127.0797,41.6848],[127.0461,41.7349],[127.0355,41.7349],[126.9852,41.7668],[126.9501,41.7691],[126.9425,41.7759],[126.9425,41.7975],[126.9318,41.8044],[126.8922,41.7873],[126.8663,41.7509],[126.813,41.7338],[126.7916,41.6996],[126.7306,41.7406],[126.7017,41.7441],[126.6834,41.7384],[126.691,41.727],[126.7306,41.7053],[126.6834,41.6746],[126.6224,41.6689],[126.5721,41.6175],[126.5859,41.5776],[126.5615,41.5376],[126.5462,41.4919],[126.5036,41.4382],[126.5249,41.381],[126.5249,41.3546],[126.4929,41.3466],[126.5036,41.3684],[126.4746,41.3707],[126.4456,41.3512],[126.3953,41.3065],[126.3588,41.2515],[126.313,41.2113],[126.2658,41.1458],[126.1515,41.0952],[126.1286,41.078],[126.1439,41.0596],[126.1042,41.0251],[126.1073,41.0124],[126.0783,40.9997],[126.0753,40.9836],[126.0494,40.9479],[126.0326,40.9375],[125.996,40.9306],[125.9854,40.9156],[126.0143,40.9156],[126.0097,40.9018],[125.9671,40.8937],[125.9381,40.8798],[125.9061,40.9018],[125.8878,40.9006],[125.8268,40.8718],[125.7659,40.8891],[125.7506,40.8706],[125.7125,40.8637],[125.6866,40.8498],[125.647,40.8129],[125.6866,40.7725],[125.6729,40.7655],[125.615,40.7632],[125.6043,40.7759],[125.5754,40.7875],[125.5647,40.7806],[125.5495,40.7285],[125.4809,40.7216],[125.4595,40.6961],[125.4565,40.6753],[125.4245,40.6695],[125.4169,40.6336],[125.3879,40.6371],[125.3772,40.6475],[125.3406,40.6441],[125.298,40.651],[125.2797,40.6452],[125.2614,40.6163],[125.1867,40.5966],[125.0785,40.5502],[125.0282,40.5375],[125.0206,40.5108],[125.0495,40.4725],[125.0465,40.4632],[124.9383,40.4574],[124.8987,40.4864],[124.856,40.4342],[124.8057,40.397],[124.7432,40.3737],[124.7188,40.3121],[124.6472,40.297],[124.574,40.2551],[124.5572,40.2388],[124.5527,40.2224],[124.5313,40.2166],[124.3728,40.1],[124.3942,40.0509],[124.417,40.0393],[124.5024,40.0252],[124.4704,40.0171],[124.4094,40.0299],[124.3881,40.0054],[124.3728,39.9422],[124.3378,39.927],[124.3271,39.9153],[124.3484,39.9024],[124.3667,39.8732],[124.4018,39.8685],[124.4231,39.8263],[124.4384,39.8322],[124.5679,39.8158],[124.571,39.7806],[124.5923,39.7689],[124.5893,39.7266],[124.6136,39.7161],[124.6289,39.6961],[124.6502,39.6996],[124.6502,39.6726],[124.6365,39.6656],[124.6319,39.6468],[124.6136,39.6303],[124.6213,39.6162],[124.6319,39.6127],[124.6289,39.5998],[124.6426,39.5927],[124.6533,39.615],[124.6792,39.6233],[124.7005,39.6397],[124.7219,39.6479],[124.7478,39.6468],[124.7325,39.6667],[124.7584,39.6738],[124.7615,39.6891],[124.7478,39.6926],[124.7584,39.736],[124.7432,39.763],[124.7508,39.7853],[124.7661,39.7501],[124.7767,39.7431],[124.8057,39.7419],[124.8087,39.7325],[124.8514,39.7231],[124.8849,39.7055],[124.8987,39.6938],[124.9063,39.6632],[124.9413,39.6479],[124.952,39.6656],[124.9627,39.6632],[124.9916,39.6397],[125.013,39.6362],[125.0419,39.6092],[125.0998,39.6045],[125.1212,39.5668],[125.176,39.5657],[125.1608,39.5927],[125.2294,39.5927],[125.2157,39.5739],[125.2401,39.5645],[125.2904,39.5233],[125.4489,39.5856],[125.4565,39.5727],[125.4534,39.5586],[125.4458,39.5492],[125.4169,39.5398],[125.4016,39.5033],[125.3483,39.4609],[125.3483,39.4361],[125.3879,39.442],[125.3635,39.4149],[125.3635,39.3996],[125.4641,39.3866],[125.4489,39.3677],[125.4275,39.3595],[125.4092,39.3666],[125.4245,39.3524],[125.4199,39.3229],[125.4489,39.3123],[125.3986,39.2485],[125.4169,39.2154],[125.3696,39.2225],[125.3483,39.2142],[125.3346,39.1953],[125.3483,39.1705],[125.3117,39.1669],[125.2904,39.1539],[125.298,39.1444],[125.2873,39.0911],[125.3376,39.084],[125.2766,39.0829],[125.2157,39.0034],[125.205,38.9762],[125.176,38.9406],[125.1395,38.8051],[125.1501,38.7778],[125.176,38.7647],[125.1943,38.7397],[125.2218,38.7409],[125.234,38.773],[125.2294,38.7968],[125.2446,38.7956],[125.2583,38.7849],[125.2583,38.7635],[125.2721,38.7564],[125.2477,38.729],[125.266,38.7087],[125.2843,38.704],[125.3117,38.7087],[125.301,38.723],[125.3056,38.7361],[125.3193,38.723],[125.3452,38.7195],[125.3559,38.723],[125.3589,38.7361],[125.3666,38.7361],[125.3772,38.723],[125.3909,38.7195],[125.4382,38.7373],[125.4169,38.7564],[125.4275,38.7564],[125.4412,38.7766],[125.4534,38.7778],[125.4809,38.729],[125.5312,38.723],[125.5937,38.6671],[125.6363,38.6599],[125.6607,38.6325],[125.6439,38.6277],[125.5891,38.6432],[125.5601,38.679],[125.5495,38.6802],[125.5357,38.6551],[125.5251,38.6528],[125.5098,38.6873],[125.4672,38.7087],[125.4565,38.7052],[125.4458,38.6873],[125.4016,38.6956],[125.3483,38.6885],[125.3056,38.6587],[125.2721,38.6718],[125.208,38.6528],[125.1821,38.6718],[125.1867,38.6432],[125.1821,38.6361],[125.1608,38.6325],[125.1425,38.6635],[125.1288,38.6671],[125.1212,38.6468],[125.1395,38.6265],[125.1395,38.592],[125.1318,38.58],[125.1075,38.5943],[125.0648,38.5693],[125.0419,38.592],[125.0206,38.5836],[125.0023,38.5943],[124.9886,38.592],[124.9855,38.586],[125.0023,38.5669],[124.9992,38.5371],[125.0252,38.5168],[125.0206,38.4989],[124.9779,38.4415],[124.9779,38.4642],[124.952,38.4523],[124.8849,38.3458],[124.8727,38.2836],[124.8773,38.2572],[124.92,38.2297],[124.9703,38.2357],[124.9962,38.2273],[124.923,38.1901],[124.8849,38.2309],[124.859,38.2273],[124.827,38.1865],[124.7828,38.1805],[124.7691,38.1565],[124.7508,38.1481],[124.7005,38.1457],[124.6792,38.1373],[124.6716,38.1265],[124.6822,38.1157],[124.7981,38.0989],[124.8453,38.1025],[124.8697,38.1073],[124.891,38.1325],[124.9093,38.1265],[124.9413,38.0989],[125.0175,38.0641],[125.1425,38.0989],[125.2111,38.0833],[125.269,38.0785],[125.2766,38.0641],[125.2583,38.0544],[125.2507,38.0208],[125.2294,38.0232],[125.2187,38.046],[125.205,38.0496],[125.1212,38.0436],[125.1105,38.0352],[125.1212,38.0004],[125.1471,37.9835],[125.1715,37.9823],[125.1821,37.9895],[125.1898,37.9811],[125.1684,37.9643],[125.1395,37.9607],[125.0785,37.9811],[125.038,37.9675]]]}},{"type":"Feature","properties":{"id":"front-dec50","beat":"dec50","kind":"front","date":"25 Nov – 24 Dec 1950","line":"Back at the parallel; Hungnam pocket"},"geometry":{"type":"Polygon","coordinates":[[[125.0374,37.9852],[125.0802,37.986],[125.124,37.9869],[125.1678,37.9878],[125.2116,37.9886],[125.2554,37.9895],[125.2991,37.9904],[125.3429,37.9912],[125.3867,37.9921],[125.4305,37.993],[125.4743,37.9938],[125.518,37.9947],[125.5618,37.9956],[125.6056,37.9964],[125.6494,37.9973],[125.6932,37.9982],[125.7369,37.999],[125.7807,37.9999],[125.8245,38.0008],[125.8683,38.0016],[125.9121,38.0025],[125.9558,38.0033],[125.9996,38.0042],[126.0434,38.0051],[126.0872,38.0059],[126.131,38.0068],[126.1747,38.0077],[126.2185,38.0085],[126.2623,38.0094],[126.3061,38.0103],[126.3499,38.0111],[126.3936,38.012],[126.4374,38.0129],[126.4812,38.0137],[126.525,38.0146],[126.5688,38.0155],[126.6125,38.0163],[126.6563,38.0172],[126.6995,38.018],[126.7426,38.0207],[126.7862,38.0234],[126.8298,38.0261],[126.8735,38.0289],[126.9172,38.0316],[126.9608,38.0344],[127.0045,38.0371],[127.0481,38.0399],[127.0918,38.0426],[127.1354,38.0454],[127.1791,38.0481],[127.2227,38.0509],[127.2664,38.0536],[127.31,38.0564],[127.3537,38.0591],[127.3974,38.0619],[127.441,38.0646],[127.4843,38.0674],[127.5271,38.0713],[127.5702,38.0761],[127.6135,38.0809],[127.6569,38.0857],[127.7003,38.0905],[127.7436,38.0953],[127.787,38.1001],[127.8304,38.1049],[127.8737,38.1097],[127.9171,38.1146],[127.9605,38.1194],[128.0038,38.1242],[128.0472,38.129],[128.0906,38.1338],[128.1339,38.1386],[128.1773,38.1434],[128.2206,38.1482],[128.264,38.153],[128.3074,38.1578],[128.3507,38.1626],[128.3949,38.1675],[128.4394,38.1701],[128.4832,38.1723],[128.5269,38.1745],[128.5706,38.1767],[128.6143,38.1789],[128.658,38.1811],[128.6301,38.1443],[128.6272,38.1795],[128.6609,38.1458],[128.6172,38.1436],[128.5735,38.1414],[128.5298,38.1392],[128.4861,38.137],[128.4425,38.1348],[128.3996,38.1323],[128.357,38.1276],[128.3137,38.1228],[128.2703,38.118],[128.2269,38.1132],[128.1836,38.1084],[128.1402,38.1036],[128.0968,38.0987],[128.0535,38.0939],[128.0101,38.0891],[127.9667,38.0843],[127.9234,38.0795],[127.88,38.0747],[127.8366,38.0699],[127.7933,38.0651],[127.7499,38.0603],[127.7065,38.0555],[127.6632,38.0506],[127.6198,38.0458],[127.5764,38.041],[127.5328,38.0362],[127.4887,38.0321],[127.4446,38.0293],[127.4009,38.0266],[127.3573,38.0238],[127.3136,38.0211],[127.27,38.0183],[127.2263,38.0156],[127.1827,38.0128],[127.139,38.0101],[127.0954,38.0073],[127.0517,38.0046],[127.008,38.0018],[126.9644,37.9991],[126.9207,37.9963],[126.8771,37.9936],[126.8334,37.9908],[126.7898,37.9881],[126.7461,37.9853],[126.7018,37.9827],[126.6575,37.9818],[126.6137,37.9809],[126.5699,37.98],[126.5261,37.9792],[126.4823,37.9783],[126.4386,37.9774],[126.3948,37.9766],[126.351,37.9757],[126.3072,37.9748],[126.2634,37.974],[126.2196,37.9731],[126.1759,37.9722],[126.1321,37.9714],[126.0883,37.9705],[126.0445,37.9696],[126.0007,37.9688],[125.957,37.9679],[125.9132,37.9671],[125.8694,37.9662],[125.8256,37.9653],[125.7818,37.9645],[125.7381,37.9636],[125.6943,37.9627],[125.6505,37.9619],[125.6067,37.961],[125.5629,37.9601],[125.5192,37.9593],[125.4754,37.9584],[125.4316,37.9575],[125.3878,37.9567],[125.344,37.9558],[125.3003,37.9549],[125.2565,37.9541],[125.2127,37.9532],[125.1689,37.9523],[125.1251,37.9515],[125.0814,37.9506],[125.0386,37.9498],[125.0374,37.9852]]]}},{"type":"Feature","properties":{"id":"held-jan51","beat":"jan51","kind":"held","date":"4 – 24 Jan 1951","line":"Pyongtaek–Wonju–Samchok (~37°N)","held_by_north_pct":67,"computed_share_pct":68},"geometry":{"type":"Polygon","coordinates":[[[126.2844,36.9223],[126.2992,36.9229],[126.3346,36.9245],[126.3699,36.9262],[126.4053,36.9278],[126.4407,36.9294],[126.4761,36.931],[126.5114,36.9326],[126.5468,36.9342],[126.5822,36.9358],[126.6175,36.9374],[126.6529,36.939],[126.6883,36.9406],[126.7237,36.9422],[126.759,36.9439],[126.7944,36.9455],[126.8298,36.9471],[126.8652,36.9487],[126.9005,36.9503],[126.935,36.9568],[126.9693,36.9637],[127.0037,36.9706],[127.0381,36.9775],[127.0724,36.9843],[127.1068,36.9912],[127.1412,36.9981],[127.1755,37.005],[127.2099,37.0118],[127.2443,37.0187],[127.2786,37.0256],[127.313,37.0324],[127.3474,37.0393],[127.3817,37.0462],[127.4147,37.0558],[127.4455,37.0698],[127.4763,37.0837],[127.5071,37.0977],[127.5379,37.1117],[127.5687,37.1256],[127.5995,37.1396],[127.6303,37.1536],[127.6611,37.1675],[127.6919,37.1815],[127.7227,37.1954],[127.7535,37.2093],[127.7843,37.2233],[127.8151,37.2372],[127.8459,37.2512],[127.8767,37.2651],[127.9075,37.279],[127.9383,37.293],[127.9714,37.3013],[128.0066,37.3046],[128.0418,37.3078],[128.077,37.3111],[128.1122,37.3144],[128.1474,37.3176],[128.1826,37.3209],[128.2178,37.3241],[128.253,37.3274],[128.2881,37.3307],[128.3233,37.3339],[128.3585,37.3372],[128.3937,37.3405],[128.4289,37.3437],[128.4641,37.347],[128.4993,37.3502],[128.5342,37.355],[128.5691,37.36],[128.604,37.3649],[128.6388,37.3699],[128.6737,37.3748],[128.7086,37.3798],[128.7435,37.3848],[128.7783,37.3897],[128.8132,37.3947],[128.8481,37.3996],[128.883,37.4046],[128.9178,37.4095],[128.9527,37.4145],[128.9876,37.4194],[129.0225,37.4244],[129.0573,37.4293],[129.0922,37.4343],[129.1271,37.4392],[129.162,37.4442],[129.1968,37.4492],[129.232,37.4521],[129.2057,37.4499],[129.1906,37.4706],[129.1632,37.4875],[129.1129,37.5976],[129.0763,37.6146],[129.0656,37.6798],[128.9254,37.8029],[128.6449,38.1289],[128.5657,38.2896],[128.4758,38.4272],[128.4422,38.506],[128.3676,38.6265],[128.363,38.6802],[128.3493,38.6968],[128.3249,38.7123],[128.2853,38.7564],[128.2121,38.729],[128.0932,38.8444],[128.0185,38.8598],[127.9637,38.918],[127.9286,38.9358],[127.9179,38.9655],[127.9103,38.969],[127.892,38.9619],[127.889,38.9762],[127.8524,39.0034],[127.828,39.0449],[127.7625,39.1184],[127.6649,39.1231],[127.6482,39.1397],[127.6116,39.1539],[127.5354,39.148],[127.514,39.1586],[127.4927,39.1953],[127.4744,39.1953],[127.4744,39.1705],[127.4577,39.1669],[127.3952,39.2036],[127.3738,39.2414],[127.4028,39.3253],[127.3952,39.343],[127.418,39.343],[127.4287,39.3323],[127.4714,39.3406],[127.4744,39.3489],[127.4714,39.3666],[127.4577,39.3701],[127.4287,39.3595],[127.3921,39.3677],[127.3814,39.3795],[127.4287,39.3937],[127.4714,39.4326],[127.4973,39.4361],[127.511,39.4102],[127.5476,39.3725],[127.5293,39.3465],[127.5247,39.317],[127.5476,39.304],[127.5643,39.317],[127.5643,39.3465],[127.5217,39.5115],[127.54,39.5539],[127.5796,39.5962],[127.572,39.6197],[127.5537,39.6385],[127.514,39.6515],[127.5034,39.709],[127.5247,39.7477],[127.5537,39.763],[127.5643,39.7853],[127.5796,39.7993],[127.6116,39.8122],[127.6253,39.8322],[127.6512,39.8228],[127.6649,39.8087],[127.6832,39.8193],[127.6985,39.8497],[127.7305,39.8591],[127.7671,39.8568],[127.7945,39.8685],[127.7991,39.8779],[127.7838,39.8872],[127.8783,39.8954],[127.892,39.9633],[127.9103,39.9867],[127.9317,39.975],[127.9423,39.9762],[127.9682,40.0065],[128.0002,40.0217],[128.0109,40.0474],[128.1405,40.0288],[128.1588,40.0182],[128.1953,40.0323],[128.238,40.0323],[128.2304,40.0591],[128.238,40.0696],[128.267,40.079],[128.2853,40.0673],[128.3066,40.0358],[128.331,40.0299],[128.3416,40.0696],[128.3676,40.1],[128.4148,40.0977],[128.4392,40.1058],[128.4819,40.1373],[128.5108,40.1373],[128.5291,40.1455],[128.5474,40.1688],[128.5901,40.1886],[128.6297,40.1828],[128.6663,40.2026],[128.6693,40.2434],[128.6587,40.2597],[128.619,40.2737],[128.6221,40.2993],[128.6404,40.3156],[128.6587,40.3226],[128.6587,40.3121],[128.6739,40.3121],[128.6907,40.333],[128.7242,40.3412],[128.7562,40.3377],[128.7669,40.3482],[128.8172,40.3563],[128.8309,40.3703],[128.8644,40.3737],[128.9787,40.4632],[129.0336,40.476],[129.0793,40.4748],[129.1632,40.5676],[129.1738,40.5711],[129.1769,40.607],[129.1982,40.6406],[129.2195,40.6996],[129.2348,40.7077],[129.2744,40.7112],[129.2881,40.6857],[129.3064,40.6753],[129.3537,40.7482],[129.4283,40.784],[129.4786,40.7956],[129.5076,40.7944],[129.5335,40.8094],[129.5549,40.8129],[129.5549,40.8314],[129.5731,40.8429],[129.6661,40.8418],[129.6981,40.8487],[129.7088,40.8383],[129.721,40.8383],[129.7377,40.8741],[129.7347,40.8937],[129.756,40.9121],[129.756,40.941],[129.7667,40.9479],[129.7316,40.9813],[129.721,41.0596],[129.7316,41.0883],[129.7134,41.1251],[129.7606,41.2962],[129.7713,41.318],[129.788,41.3283],[129.8063,41.3787],[129.7987,41.389],[129.7713,41.389],[129.7606,41.3959],[129.7377,41.4245],[129.7164,41.4222],[129.6631,41.4679],[129.6554,41.4965],[129.6631,41.5296],[129.6524,41.5525],[129.6692,41.5799],[129.692,41.6529],[129.7164,41.678],[129.753,41.6996],[129.7774,41.7623],[129.814,41.7805],[129.8277,41.7805],[129.846,41.7623],[129.8536,41.7668],[129.8566,41.7839],[129.8719,41.7941],[129.8856,41.8283],[129.8856,41.8601],[129.9008,41.9078],[129.9145,41.9146],[129.9405,41.9078],[129.9466,41.8976],[129.9572,41.8953],[129.9648,41.9021],[129.9755,41.9453],[129.9862,41.9589],[130.0045,41.9646],[129.9831,41.985],[130.0045,41.994],[130.0045,42.0145],[130.0151,42.0179],[130.0304,41.9952],[130.0365,41.9986],[130.0471,42.0394],[130.0548,42.0541],[130.07,42.0541],[130.0761,42.0813],[130.0944,42.0938],[130.1233,42.0938],[130.1523,42.0779],[130.1706,42.0802],[130.163,42.0881],[130.1767,42.1017],[130.1874,42.1074],[130.2026,42.1051],[130.2026,42.1764],[130.2316,42.1866],[130.2956,42.2408],[130.3108,42.2408],[130.3169,42.2216],[130.3108,42.1866],[130.3322,42.1945],[130.3352,42.2171],[130.3535,42.2205],[130.3718,42.2352],[130.3611,42.2476],[130.3672,42.2589],[130.3794,42.2611],[130.4038,42.2453],[130.4068,42.2645],[130.3931,42.2679],[130.3855,42.295],[130.4068,42.3119],[130.4068,42.3289],[130.4221,42.3289],[130.4404,42.3131],[130.4587,42.3153],[130.4724,42.3255],[130.4693,42.339],[130.483,42.3435],[130.512,42.3401],[130.541,42.3221],[130.5699,42.3187],[130.5989,42.3018],[130.5989,42.2657],[130.7025,42.2984],[130.6629,42.3255],[130.6598,42.3875],[130.6492,42.4044],[130.5882,42.4359],[130.576,42.4495],[130.5257,42.553],[130.5196,42.6035],[130.5044,42.6136],[130.4861,42.6136],[130.4693,42.6035],[130.4587,42.5889],[130.4724,42.5732],[130.4693,42.5586],[130.4541,42.553],[130.4327,42.5653],[130.4297,42.6035],[130.4221,42.6091],[130.3931,42.6103],[130.3245,42.654],[130.3169,42.6709],[130.2636,42.7124],[130.2453,42.7471],[130.2559,42.8703],[130.2422,42.906],[130.195,42.9128],[130.1416,42.9116],[130.102,42.925],[130.131,42.9641],[130.134,42.9775],[130.1233,42.9854],[130.0471,42.9653],[129.9968,42.9653],[129.9725,42.9775],[129.9359,43.0121],[129.9222,43.0144],[129.8825,43.001],[129.8856,42.992],[129.9069,42.9809],[129.8642,42.9742],[129.8536,42.9653],[129.8505,42.9317],[129.7987,42.8401],[129.7926,42.7964],[129.7637,42.7505],[129.756,42.7258],[129.7606,42.7068],[129.788,42.6877],[129.788,42.681],[129.7743,42.6664],[129.7774,42.6507],[129.753,42.6462],[129.7423,42.6327],[129.7484,42.6192],[129.7637,42.6159],[129.7637,42.6103],[129.7377,42.5889],[129.7316,42.4787],[129.7057,42.4461],[129.6737,42.4416],[129.5945,42.4517],[129.5914,42.4145],[129.5655,42.4078],[129.5549,42.3807],[129.5366,42.374],[129.5183,42.3943],[129.4893,42.4055],[129.436,42.445],[129.3887,42.4314],[129.3643,42.4483],[129.343,42.4483],[129.3537,42.4247],[129.3384,42.4179],[129.3278,42.4292],[129.3171,42.4258],[129.3064,42.392],[129.2455,42.383],[129.2302,42.3627],[129.2302,42.3537],[129.2455,42.3424],[129.2378,42.3266],[129.1952,42.3221],[129.1952,42.3153],[129.2302,42.3018],[129.2195,42.295],[129.2134,42.2713],[129.1845,42.2577],[129.1875,42.2385],[129.2134,42.2385],[129.2134,42.2239],[129.1235,42.1526],[129.09,42.1458],[129.0656,42.1572],[129.0656,42.139],[129.029,42.1051],[128.965,42.0915],[128.9437,42.0394],[128.9071,42.0292],[128.8202,42.0473],[128.7242,42.0507],[128.712,42.0349],[128.6846,42.0292],[128.6114,42.0349],[128.5901,42.0247],[128.5764,42.0077],[128.5657,42.0043],[128.5474,42.0111],[128.5047,41.9986],[128.4575,42.0145],[128.4102,42.0122],[128.3676,42.0292],[128.2624,42.036],[128.1039,42.002],[128.0368,41.9975],[128.0216,41.968],[128.0505,41.8669],[128.0612,41.8533],[128.0932,41.8453],[128.1481,41.7577],[128.1618,41.7144],[128.2517,41.6632],[128.2853,41.6255],[128.2853,41.6084],[128.3066,41.5867],[128.2914,41.5479],[128.1877,41.4073],[128.1481,41.3787],[128.1085,41.3821],[128.1222,41.3959],[128.1085,41.4027],[128.0902,41.3924],[128.0688,41.3924],[128.0505,41.4027],[128.0536,41.4245],[128.0185,41.4165],[128.014,41.4634],[128.0033,41.4736],[127.9789,41.4531],[127.9469,41.4736],[127.9073,41.4702],[127.8844,41.4634],[127.8676,41.4416],[127.8524,41.4348],[127.8311,41.4359],[127.8128,41.4462],[127.7884,41.4393],[127.6939,41.4416],[127.6619,41.4496],[127.6406,41.4325],[127.6009,41.4531],[127.5613,41.4611],[127.5476,41.4714],[127.5476,41.4931],[127.5293,41.4874],[127.479,41.5022],[127.4317,41.4874],[127.4058,41.4874],[127.3814,41.5022],[127.3494,41.4931],[127.3098,41.4965],[127.2732,41.5091],[127.2915,41.5228],[127.2839,41.5342],[127.2489,41.5308],[127.2092,41.5491],[127.1833,41.5205],[127.1589,41.5342],[127.1361,41.5262],[127.133,41.5342],[127.1086,41.5411],[127.1223,41.5593],[127.1406,41.573],[127.1833,41.5879],[127.1696,41.5982],[127.101,41.6153],[127.1086,41.629],[127.0614,41.6461],[127.0538,41.6814],[127.0797,41.6848],[127.0461,41.7349],[127.0355,41.7349],[126.9852,41.7668],[126.9501,41.7691],[126.9425,41.7759],[126.9425,41.7975],[126.9318,41.8044],[126.8922,41.7873],[126.8663,41.7509],[126.813,41.7338],[126.7916,41.6996],[126.7306,41.7406],[126.7017,41.7441],[126.6834,41.7384],[126.691,41.727],[126.7306,41.7053],[126.6834,41.6746],[126.6224,41.6689],[126.5721,41.6175],[126.5859,41.5776],[126.5615,41.5376],[126.5462,41.4919],[126.5036,41.4382],[126.5249,41.381],[126.5249,41.3546],[126.4929,41.3466],[126.5036,41.3684],[126.4746,41.3707],[126.4456,41.3512],[126.3953,41.3065],[126.3588,41.2515],[126.313,41.2113],[126.2658,41.1458],[126.1515,41.0952],[126.1286,41.078],[126.1439,41.0596],[126.1042,41.0251],[126.1073,41.0124],[126.0783,40.9997],[126.0753,40.9836],[126.0494,40.9479],[126.0326,40.9375],[125.996,40.9306],[125.9854,40.9156],[126.0143,40.9156],[126.0097,40.9018],[125.9671,40.8937],[125.9381,40.8798],[125.9061,40.9018],[125.8878,40.9006],[125.8268,40.8718],[125.7659,40.8891],[125.7506,40.8706],[125.7125,40.8637],[125.6866,40.8498],[125.647,40.8129],[125.6866,40.7725],[125.6729,40.7655],[125.615,40.7632],[125.6043,40.7759],[125.5754,40.7875],[125.5647,40.7806],[125.5495,40.7285],[125.4809,40.7216],[125.4595,40.6961],[125.4565,40.6753],[125.4245,40.6695],[125.4169,40.6336],[125.3879,40.6371],[125.3772,40.6475],[125.3406,40.6441],[125.298,40.651],[125.2797,40.6452],[125.2614,40.6163],[125.1867,40.5966],[125.0785,40.5502],[125.0282,40.5375],[125.0206,40.5108],[125.0495,40.4725],[125.0465,40.4632],[124.9383,40.4574],[124.8987,40.4864],[124.856,40.4342],[124.8057,40.397],[124.7432,40.3737],[124.7188,40.3121],[124.6472,40.297],[124.574,40.2551],[124.5572,40.2388],[124.5527,40.2224],[124.5313,40.2166],[124.3728,40.1],[124.3942,40.0509],[124.417,40.0393],[124.5024,40.0252],[124.4704,40.0171],[124.4094,40.0299],[124.3881,40.0054],[124.3728,39.9422],[124.3378,39.927],[124.3271,39.9153],[124.3484,39.9024],[124.3667,39.8732],[124.4018,39.8685],[124.4231,39.8263],[124.4384,39.8322],[124.5679,39.8158],[124.571,39.7806],[124.5923,39.7689],[124.5893,39.7266],[124.6136,39.7161],[124.6289,39.6961],[124.6502,39.6996],[124.6502,39.6726],[124.6365,39.6656],[124.6319,39.6468],[124.6136,39.6303],[124.6213,39.6162],[124.6319,39.6127],[124.6289,39.5998],[124.6426,39.5927],[124.6533,39.615],[124.6792,39.6233],[124.7005,39.6397],[124.7219,39.6479],[124.7478,39.6468],[124.7325,39.6667],[124.7584,39.6738],[124.7615,39.6891],[124.7478,39.6926],[124.7584,39.736],[124.7432,39.763],[124.7508,39.7853],[124.7661,39.7501],[124.7767,39.7431],[124.8057,39.7419],[124.8087,39.7325],[124.8514,39.7231],[124.8849,39.7055],[124.8987,39.6938],[124.9063,39.6632],[124.9413,39.6479],[124.952,39.6656],[124.9627,39.6632],[124.9916,39.6397],[125.013,39.6362],[125.0419,39.6092],[125.0998,39.6045],[125.1212,39.5668],[125.176,39.5657],[125.1608,39.5927],[125.2294,39.5927],[125.2157,39.5739],[125.2401,39.5645],[125.2904,39.5233],[125.4489,39.5856],[125.4565,39.5727],[125.4534,39.5586],[125.4458,39.5492],[125.4169,39.5398],[125.4016,39.5033],[125.3483,39.4609],[125.3483,39.4361],[125.3879,39.442],[125.3635,39.4149],[125.3635,39.3996],[125.4641,39.3866],[125.4489,39.3677],[125.4275,39.3595],[125.4092,39.3666],[125.4245,39.3524],[125.4199,39.3229],[125.4489,39.3123],[125.3986,39.2485],[125.4169,39.2154],[125.3696,39.2225],[125.3483,39.2142],[125.3346,39.1953],[125.3483,39.1705],[125.3117,39.1669],[125.2904,39.1539],[125.298,39.1444],[125.2873,39.0911],[125.3376,39.084],[125.2766,39.0829],[125.2157,39.0034],[125.205,38.9762],[125.176,38.9406],[125.1395,38.8051],[125.1501,38.7778],[125.176,38.7647],[125.1943,38.7397],[125.2218,38.7409],[125.234,38.773],[125.2294,38.7968],[125.2446,38.7956],[125.2583,38.7849],[125.2583,38.7635],[125.2721,38.7564],[125.2477,38.729],[125.266,38.7087],[125.2843,38.704],[125.3117,38.7087],[125.301,38.723],[125.3056,38.7361],[125.3193,38.723],[125.3452,38.7195],[125.3559,38.723],[125.3589,38.7361],[125.3666,38.7361],[125.3772,38.723],[125.3909,38.7195],[125.4382,38.7373],[125.4169,38.7564],[125.4275,38.7564],[125.4412,38.7766],[125.4534,38.7778],[125.4809,38.729],[125.5312,38.723],[125.5937,38.6671],[125.6363,38.6599],[125.6607,38.6325],[125.6439,38.6277],[125.5891,38.6432],[125.5601,38.679],[125.5495,38.6802],[125.5357,38.6551],[125.5251,38.6528],[125.5098,38.6873],[125.4672,38.7087],[125.4565,38.7052],[125.4458,38.6873],[125.4016,38.6956],[125.3483,38.6885],[125.3056,38.6587],[125.2721,38.6718],[125.208,38.6528],[125.1821,38.6718],[125.1867,38.6432],[125.1821,38.6361],[125.1608,38.6325],[125.1425,38.6635],[125.1288,38.6671],[125.1212,38.6468],[125.1395,38.6265],[125.1395,38.592],[125.1318,38.58],[125.1075,38.5943],[125.0648,38.5693],[125.0419,38.592],[125.0206,38.5836],[125.0023,38.5943],[124.9886,38.592],[124.9855,38.586],[125.0023,38.5669],[124.9992,38.5371],[125.0252,38.5168],[125.0206,38.4989],[124.9779,38.4415],[124.9779,38.4642],[124.952,38.4523],[124.8849,38.3458],[124.8727,38.2836],[124.8773,38.2572],[124.92,38.2297],[124.9703,38.2357],[124.9962,38.2273],[124.923,38.1901],[124.8849,38.2309],[124.859,38.2273],[124.827,38.1865],[124.7828,38.1805],[124.7691,38.1565],[124.7508,38.1481],[124.7005,38.1457],[124.6792,38.1373],[124.6716,38.1265],[124.6822,38.1157],[124.7981,38.0989],[124.8453,38.1025],[124.8697,38.1073],[124.891,38.1325],[124.9093,38.1265],[124.9413,38.0989],[125.0175,38.0641],[125.1425,38.0989],[125.2111,38.0833],[125.269,38.0785],[125.2766,38.0641],[125.2583,38.0544],[125.2507,38.0208],[125.2294,38.0232],[125.2187,38.046],[125.205,38.0496],[125.1212,38.0436],[125.1105,38.0352],[125.1212,38.0004],[125.1471,37.9835],[125.1715,37.9823],[125.1821,37.9895],[125.1898,37.9811],[125.1684,37.9643],[125.1395,37.9607],[125.0785,37.9811],[124.9962,37.9534],[124.9855,37.927],[125.0175,37.9402],[125.0099,37.9197],[125.0175,37.9065],[125.0678,37.8957],[125.0922,37.8788],[125.1791,37.868],[125.2111,37.8812],[125.2446,37.9306],[125.266,37.933],[125.2614,37.9149],[125.3056,37.8957],[125.3117,37.8788],[125.298,37.8607],[125.2553,37.839],[125.2446,37.8234],[125.3056,37.8234],[125.3117,37.8101],[125.33,37.8137],[125.3803,37.8439],[125.3513,37.8656],[125.4016,37.8656],[125.4489,37.8439],[125.4489,37.8607],[125.3879,37.8933],[125.4351,37.8993],[125.4275,37.9125],[125.4489,37.9209],[125.4672,37.9041],[125.5144,37.8945],[125.5144,37.8848],[125.4809,37.8571],[125.5037,37.8402],[125.5312,37.8439],[125.5281,37.8186],[125.5098,37.8137],[125.4595,37.8234],[125.4382,37.8198],[125.3955,37.7969],[125.3803,37.7824],[125.3986,37.7764],[125.4351,37.7812],[125.4489,37.7739],[125.3955,37.7546],[125.3666,37.7607],[125.3513,37.739],[125.3376,37.687],[125.3513,37.6762],[125.3666,37.6798],[125.3879,37.7172],[125.4412,37.7208],[125.4778,37.7317],[125.5068,37.78],[125.5312,37.7969],[125.5251,37.7812],[125.5312,37.7727],[125.554,37.7715],[125.5571,37.7824],[125.5754,37.7884],[125.586,37.7824],[125.5784,37.7739],[125.5967,37.7643],[125.6257,37.7655],[125.615,37.8065],[125.6439,37.8137],[125.647,37.8234],[125.6257,37.8366],[125.6439,37.8571],[125.6333,37.9029],[125.6363,37.927],[125.6729,37.8993],[125.6897,37.8993],[125.7186,37.9077],[125.7445,37.927],[125.7369,37.933],[125.7003,37.927],[125.7232,37.9534],[125.7049,37.9583],[125.6836,37.9534],[125.6897,37.9727],[125.679,37.9787],[125.6439,37.9739],[125.5997,37.9919],[125.583,38.01],[125.583,38.0268],[125.5997,38.0328],[125.6257,38.0328],[125.6897,38.0124],[125.7583,38.0064],[125.8025,37.9943],[125.8086,37.9522],[125.8375,37.9438],[125.8985,37.8656],[125.9244,37.8451],[125.9488,37.8439],[125.9884,37.8234],[125.9777,37.874],[125.9533,37.8896],[125.9488,37.9029],[125.964,37.9125],[126.0036,37.886],[126.0174,37.8559],[126.028,37.8535],[126.0616,37.8704],[126.0677,37.8029],[126.089,37.8017],[126.1149,37.7402],[126.1622,37.7341],[126.1682,37.7691],[126.1515,37.8198],[126.1622,37.8306],[126.2048,37.8451],[126.2627,37.8451],[126.3633,37.8848],[126.403,37.8933],[126.438,37.8487],[126.5782,37.7776],[126.5965,37.7739],[126.6544,37.7993],[126.6575,37.8149],[126.6727,37.8282],[126.6864,37.8366],[126.7047,37.8306],[126.6864,37.7944],[126.7047,37.7438],[126.6834,37.687],[126.7596,37.6375],[126.6941,37.6532],[126.6651,37.6726],[126.6727,37.7293],[126.6651,37.7571],[126.6514,37.7655],[126.6072,37.7546],[126.5508,37.7715],[126.5401,37.7691],[126.5356,37.7558],[126.5645,37.6073],[126.6072,37.5493],[126.6041,37.5081],[126.6118,37.4972],[126.6301,37.4996],[126.6331,37.5081],[126.6468,37.5045],[126.6438,37.496],[126.6072,37.4851],[126.5965,37.4718],[126.6011,37.4403],[126.6438,37.4148],[126.6179,37.3797],[126.6438,37.3639],[126.6697,37.3894],[126.72,37.3845],[126.723,37.3773],[126.691,37.3433],[126.6941,37.3336],[126.7367,37.3069],[126.787,37.2948],[126.8267,37.296],[126.8312,37.2875],[126.8556,37.2863],[126.8739,37.268],[126.8526,37.2656],[126.8236,37.2741],[126.8053,37.2535],[126.7947,37.2231],[126.784,37.2207],[126.7703,37.2316],[126.7703,37.2535],[126.755,37.2486],[126.7306,37.2595],[126.6834,37.2571],[126.6758,37.262],[126.6621,37.2535],[126.6834,37.2182],[126.723,37.2134],[126.7124,37.2],[126.6727,37.1866],[126.6727,37.1611],[126.7124,37.1648],[126.691,37.1392],[126.6941,37.1258],[126.7047,37.1234],[126.72,37.127],[126.7809,37.1769],[126.8053,37.1842],[126.8099,37.1648],[126.8343,37.1599],[126.8663,37.1793],[126.8739,37.1769],[126.8739,37.1575],[126.8663,37.1514],[126.813,37.1441],[126.7809,37.1319],[126.755,37.1003],[126.755,37.0698],[126.7596,37.0491],[126.8053,37.0382],[126.8419,37.0443],[126.8526,37.0382],[126.8632,37.0406],[126.8739,37.0905],[126.8815,37.1003],[126.8953,37.0954],[126.8846,37.0698],[126.9105,37.0333],[126.9135,37.0138],[126.8953,37.0223],[126.8739,37.0211],[126.8892,37.0077],[126.8267,37.0028],[126.8419,36.9748],[126.877,36.948],[126.9166,36.9297],[126.9501,36.926],[126.9715,36.9309],[126.9791,36.9394],[126.9745,36.9699],[126.9852,36.9809],[127.0461,36.9943],[127.0431,36.9821],[126.9958,36.9663],[127.0111,36.9529],[126.9928,36.9175],[126.9456,36.8919],[126.8632,36.8687],[126.9059,36.821],[126.8663,36.8284],[126.8739,36.8052],[126.8526,36.7538],[126.8343,36.7661],[126.8343,36.7746],[126.8495,36.7795],[126.8526,36.7881],[126.8343,36.832],[126.8419,36.8675],[126.8343,36.909],[126.8267,36.9175],[126.816,36.9163],[126.784,36.8906],[126.8023,36.9346],[126.7977,36.9553],[126.7627,36.9821],[126.6834,36.9943],[126.6697,36.9882],[126.6468,36.959],[126.6514,36.9248],[126.6331,36.9114],[126.6362,36.9382],[126.6255,36.9602],[126.6407,36.9821],[126.6301,36.9955],[126.5401,37.0491],[126.5036,37.0552],[126.5142,37.0162],[126.5356,37.0004],[126.5676,36.9907],[126.5752,36.9772],[126.5432,36.9772],[126.5112,37.0077],[126.5005,37.0077],[126.4959,36.9968],[126.5721,36.9309],[126.5859,36.898],[126.5645,36.9041],[126.5539,36.926],[126.5218,36.948],[126.4883,36.8418],[126.4715,36.854],[126.4715,36.9175],[126.4822,36.9358],[126.4715,36.9565],[126.4639,36.959],[126.4426,36.9468],[126.435,36.9614],[126.4563,36.9907],[126.4487,37.0041],[126.3953,37.0077],[126.3953,36.9907],[126.3557,37.0004],[126.3374,36.987],[126.374,36.9833],[126.3816,36.9748],[126.374,36.9602],[126.3588,36.9687],[126.3557,36.9553],[126.3816,36.9419],[126.406,36.9419],[126.4243,36.9224],[126.4213,36.8992],[126.406,36.8809],[126.3816,36.8772],[126.3816,36.8699],[126.4106,36.8638],[126.4106,36.8565],[126.3771,36.8504],[126.371,36.8345],[126.342,36.8565],[126.3313,36.8467],[126.3588,36.7893],[126.3313,36.8052],[126.3191,36.8052],[126.2947,36.7893],[126.2841,36.8113],[126.313,36.8284],[126.3054,36.8565],[126.3268,36.8821],[126.3085,36.9309],[126.313,36.9663],[126.2871,36.9614],[126.2844,36.9223]]]}},{"type":"Feature","properties":{"id":"front-jan51","beat":"jan51","kind":"front","date":"4 – 24 Jan 1951","line":"Pyongtaek–Wonju–Samchok (~37°N)"},"geometry":{"type":"Polygon","coordinates":[[[126.2831,36.9402],[126.2979,36.9409],[126.3333,36.9425],[126.3687,36.9441],[126.404,36.9457],[126.4394,36.9473],[126.4748,36.9489],[126.5102,36.9505],[126.5455,36.9521],[126.5809,36.9538],[126.6163,36.9554],[126.6516,36.957],[126.687,36.9586],[126.7224,36.9602],[126.7578,36.9618],[126.7931,36.9634],[126.8285,36.965],[126.8639,36.9666],[126.8973,36.9681],[126.9296,36.9743],[126.9639,36.9811],[126.9982,36.988],[127.0326,36.9949],[127.067,37.0017],[127.1013,37.0086],[127.1357,37.0155],[127.1701,37.0224],[127.2044,37.0292],[127.2388,37.0361],[127.2732,37.043],[127.3075,37.0499],[127.3419,37.0567],[127.3751,37.0633],[127.4053,37.0721],[127.4344,37.0854],[127.4652,37.0993],[127.496,37.1133],[127.5268,37.1273],[127.5576,37.1412],[127.5884,37.1552],[127.6192,37.1691],[127.65,37.1831],[127.6808,37.197],[127.7116,37.211],[127.7424,37.2249],[127.7732,37.2389],[127.804,37.2528],[127.8348,37.2667],[127.8656,37.2807],[127.8964,37.2946],[127.9293,37.3093],[127.9667,37.3188],[128.004,37.3223],[128.0392,37.3256],[128.0744,37.3289],[128.1096,37.3321],[128.1448,37.3354],[128.18,37.3386],[128.2152,37.3419],[128.2504,37.3452],[128.2855,37.3484],[128.3207,37.3517],[128.3559,37.3549],[128.3911,37.3582],[128.4263,37.3615],[128.4615,37.3647],[128.4961,37.3679],[128.5303,37.3726],[128.5651,37.3776],[128.6,37.3825],[128.6349,37.3875],[128.6697,37.3924],[128.7046,37.3974],[128.7395,37.4023],[128.7744,37.4073],[128.8092,37.4122],[128.8441,37.4172],[128.879,37.4222],[128.9139,37.4271],[128.9487,37.4321],[128.9836,37.437],[129.0185,37.442],[129.0534,37.4469],[129.0883,37.4519],[129.1231,37.4568],[129.158,37.4618],[129.1937,37.4668],[129.2297,37.4699],[129.208,37.4321],[129.2033,37.4676],[129.2344,37.4344],[129.2,37.4315],[129.1659,37.4266],[129.131,37.4217],[129.0962,37.4167],[129.0613,37.4118],[129.0264,37.4068],[128.9915,37.4019],[128.9567,37.3969],[128.9218,37.3919],[128.8869,37.387],[128.852,37.382],[128.8172,37.3771],[128.7823,37.3721],[128.7474,37.3672],[128.7125,37.3622],[128.6777,37.3572],[128.6428,37.3523],[128.6079,37.3473],[128.573,37.3424],[128.5381,37.3374],[128.5025,37.3325],[128.4667,37.3292],[128.4315,37.326],[128.3963,37.3227],[128.3611,37.3194],[128.3259,37.3162],[128.2907,37.3129],[128.2556,37.3096],[128.2204,37.3064],[128.1852,37.3031],[128.15,37.2999],[128.1148,37.2966],[128.0796,37.2933],[128.0444,37.2901],[128.0092,37.2868],[127.9761,37.2838],[127.9474,37.2766],[127.9186,37.2635],[127.8878,37.2495],[127.857,37.2356],[127.8262,37.2217],[127.7954,37.2077],[127.7646,37.1938],[127.7338,37.1798],[127.703,37.1659],[127.6722,37.1519],[127.6414,37.138],[127.6106,37.124],[127.5798,37.1101],[127.549,37.0961],[127.5182,37.0821],[127.4874,37.0682],[127.4566,37.0542],[127.4242,37.0395],[127.3883,37.029],[127.3528,37.0219],[127.3185,37.015],[127.2841,37.0082],[127.2497,37.0013],[127.2154,36.9944],[127.181,36.9875],[127.1466,36.9807],[127.1123,36.9738],[127.0779,36.9669],[127.0435,36.96],[127.0092,36.9531],[126.9748,36.9463],[126.9403,36.9394],[126.9038,36.9325],[126.8664,36.9307],[126.8311,36.9291],[126.7957,36.9275],[126.7603,36.9259],[126.7249,36.9243],[126.6896,36.9227],[126.6542,36.9211],[126.6188,36.9195],[126.5835,36.9179],[126.5481,36.9163],[126.5127,36.9146],[126.4773,36.913],[126.442,36.9114],[126.4066,36.9098],[126.3712,36.9082],[126.3359,36.9066],[126.3005,36.905],[126.2857,36.9043],[126.2831,36.9402]]]}},{"type":"Feature","properties":{"id":"held-apr51","beat":"apr51","kind":"held","date":"25 Jan – 21 Apr 1951","line":"Line Kansas","held_by_north_pct":57,"computed_share_pct":58},"geometry":{"type":"Polygon","coordinates":[[[126.0666,37.8153],[126.0695,37.8154],[126.1027,37.8173],[126.1359,37.8192],[126.1691,37.8211],[126.2023,37.8229],[126.2355,37.8248],[126.2687,37.8267],[126.3019,37.8285],[126.3351,37.8304],[126.3683,37.8323],[126.4015,37.8341],[126.4347,37.836],[126.4679,37.8379],[126.5011,37.8397],[126.5343,37.8416],[126.5675,37.8435],[126.6006,37.8453],[126.6338,37.8472],[126.667,37.8491],[126.7002,37.8509],[126.7264,37.8665],[126.7518,37.8835],[126.7772,37.9004],[126.8027,37.9173],[126.8281,37.9342],[126.8536,37.9512],[126.879,37.9681],[126.9044,37.985],[126.9299,38.0019],[126.9553,38.0188],[126.9808,38.0357],[127.0065,38.0523],[127.0346,38.0663],[127.0626,38.0804],[127.0907,38.0944],[127.1188,38.1085],[127.1469,38.1225],[127.175,38.1366],[127.2031,38.1506],[127.2312,38.1647],[127.2592,38.1787],[127.2873,38.1927],[127.3176,38.2009],[127.3508,38.2009],[127.3841,38.2009],[127.4174,38.2009],[127.4507,38.2009],[127.484,38.2009],[127.5172,38.2009],[127.5505,38.2009],[127.5838,38.2009],[127.6167,38.1985],[127.6493,38.193],[127.6818,38.1876],[127.7144,38.1821],[127.7469,38.1766],[127.7795,38.1712],[127.812,38.1657],[127.8446,38.1603],[127.8771,38.1548],[127.9097,38.1496],[127.9426,38.1456],[127.9755,38.1415],[128.0083,38.1375],[128.0412,38.1334],[128.0741,38.1294],[128.107,38.1253],[128.1399,38.1213],[128.1727,38.1172],[128.2056,38.1132],[128.2385,38.1091],[128.2714,38.1051],[128.3043,38.1013],[128.3375,38.1013],[128.3708,38.1013],[128.4041,38.1013],[128.4374,38.1013],[128.4707,38.1013],[128.5039,38.1013],[128.5372,38.1013],[128.5705,38.1013],[128.6038,38.1013],[128.637,38.1013],[128.6703,38.1013],[128.6687,38.1013],[128.6449,38.1289],[128.5657,38.2896],[128.4758,38.4272],[128.4422,38.506],[128.3676,38.6265],[128.363,38.6802],[128.3493,38.6968],[128.3249,38.7123],[128.2853,38.7564],[128.2121,38.729],[128.0932,38.8444],[128.0185,38.8598],[127.9637,38.918],[127.9286,38.9358],[127.9179,38.9655],[127.9103,38.969],[127.892,38.9619],[127.889,38.9762],[127.8524,39.0034],[127.828,39.0449],[127.7625,39.1184],[127.6649,39.1231],[127.6482,39.1397],[127.6116,39.1539],[127.5354,39.148],[127.514,39.1586],[127.4927,39.1953],[127.4744,39.1953],[127.4744,39.1705],[127.4577,39.1669],[127.3952,39.2036],[127.3738,39.2414],[127.4028,39.3253],[127.3952,39.343],[127.418,39.343],[127.4287,39.3323],[127.4714,39.3406],[127.4744,39.3489],[127.4714,39.3666],[127.4577,39.3701],[127.4287,39.3595],[127.3921,39.3677],[127.3814,39.3795],[127.4287,39.3937],[127.4714,39.4326],[127.4973,39.4361],[127.511,39.4102],[127.5476,39.3725],[127.5293,39.3465],[127.5247,39.317],[127.5476,39.304],[127.5643,39.317],[127.5643,39.3465],[127.5217,39.5115],[127.54,39.5539],[127.5796,39.5962],[127.572,39.6197],[127.5537,39.6385],[127.514,39.6515],[127.5034,39.709],[127.5247,39.7477],[127.5537,39.763],[127.5643,39.7853],[127.5796,39.7993],[127.6116,39.8122],[127.6253,39.8322],[127.6512,39.8228],[127.6649,39.8087],[127.6832,39.8193],[127.6985,39.8497],[127.7305,39.8591],[127.7671,39.8568],[127.7945,39.8685],[127.7991,39.8779],[127.7838,39.8872],[127.8783,39.8954],[127.892,39.9633],[127.9103,39.9867],[127.9317,39.975],[127.9423,39.9762],[127.9682,40.0065],[128.0002,40.0217],[128.0109,40.0474],[128.1405,40.0288],[128.1588,40.0182],[128.1953,40.0323],[128.238,40.0323],[128.2304,40.0591],[128.238,40.0696],[128.267,40.079],[128.2853,40.0673],[128.3066,40.0358],[128.331,40.0299],[128.3416,40.0696],[128.3676,40.1],[128.4148,40.0977],[128.4392,40.1058],[128.4819,40.1373],[128.5108,40.1373],[128.5291,40.1455],[128.5474,40.1688],[128.5901,40.1886],[128.6297,40.1828],[128.6663,40.2026],[128.6693,40.2434],[128.6587,40.2597],[128.619,40.2737],[128.6221,40.2993],[128.6404,40.3156],[128.6587,40.3226],[128.6587,40.3121],[128.6739,40.3121],[128.6907,40.333],[128.7242,40.3412],[128.7562,40.3377],[128.7669,40.3482],[128.8172,40.3563],[128.8309,40.3703],[128.8644,40.3737],[128.9787,40.4632],[129.0336,40.476],[129.0793,40.4748],[129.1632,40.5676],[129.1738,40.5711],[129.1769,40.607],[129.1982,40.6406],[129.2195,40.6996],[129.2348,40.7077],[129.2744,40.7112],[129.2881,40.6857],[129.3064,40.6753],[129.3537,40.7482],[129.4283,40.784],[129.4786,40.7956],[129.5076,40.7944],[129.5335,40.8094],[129.5549,40.8129],[129.5549,40.8314],[129.5731,40.8429],[129.6661,40.8418],[129.6981,40.8487],[129.7088,40.8383],[129.721,40.8383],[129.7377,40.8741],[129.7347,40.8937],[129.756,40.9121],[129.756,40.941],[129.7667,40.9479],[129.7316,40.9813],[129.721,41.0596],[129.7316,41.0883],[129.7134,41.1251],[129.7606,41.2962],[129.7713,41.318],[129.788,41.3283],[129.8063,41.3787],[129.7987,41.389],[129.7713,41.389],[129.7606,41.3959],[129.7377,41.4245],[129.7164,41.4222],[129.6631,41.4679],[129.6554,41.4965],[129.6631,41.5296],[129.6524,41.5525],[129.6692,41.5799],[129.692,41.6529],[129.7164,41.678],[129.753,41.6996],[129.7774,41.7623],[129.814,41.7805],[129.8277,41.7805],[129.846,41.7623],[129.8536,41.7668],[129.8566,41.7839],[129.8719,41.7941],[129.8856,41.8283],[129.8856,41.8601],[129.9008,41.9078],[129.9145,41.9146],[129.9405,41.9078],[129.9466,41.8976],[129.9572,41.8953],[129.9648,41.9021],[129.9755,41.9453],[129.9862,41.9589],[130.0045,41.9646],[129.9831,41.985],[130.0045,41.994],[130.0045,42.0145],[130.0151,42.0179],[130.0304,41.9952],[130.0365,41.9986],[130.0471,42.0394],[130.0548,42.0541],[130.07,42.0541],[130.0761,42.0813],[130.0944,42.0938],[130.1233,42.0938],[130.1523,42.0779],[130.1706,42.0802],[130.163,42.0881],[130.1767,42.1017],[130.1874,42.1074],[130.2026,42.1051],[130.2026,42.1764],[130.2316,42.1866],[130.2956,42.2408],[130.3108,42.2408],[130.3169,42.2216],[130.3108,42.1866],[130.3322,42.1945],[130.3352,42.2171],[130.3535,42.2205],[130.3718,42.2352],[130.3611,42.2476],[130.3672,42.2589],[130.3794,42.2611],[130.4038,42.2453],[130.4068,42.2645],[130.3931,42.2679],[130.3855,42.295],[130.4068,42.3119],[130.4068,42.3289],[130.4221,42.3289],[130.4404,42.3131],[130.4587,42.3153],[130.4724,42.3255],[130.4693,42.339],[130.483,42.3435],[130.512,42.3401],[130.541,42.3221],[130.5699,42.3187],[130.5989,42.3018],[130.5989,42.2657],[130.7025,42.2984],[130.6629,42.3255],[130.6598,42.3875],[130.6492,42.4044],[130.5882,42.4359],[130.576,42.4495],[130.5257,42.553],[130.5196,42.6035],[130.5044,42.6136],[130.4861,42.6136],[130.4693,42.6035],[130.4587,42.5889],[130.4724,42.5732],[130.4693,42.5586],[130.4541,42.553],[130.4327,42.5653],[130.4297,42.6035],[130.4221,42.6091],[130.3931,42.6103],[130.3245,42.654],[130.3169,42.6709],[130.2636,42.7124],[130.2453,42.7471],[130.2559,42.8703],[130.2422,42.906],[130.195,42.9128],[130.1416,42.9116],[130.102,42.925],[130.131,42.9641],[130.134,42.9775],[130.1233,42.9854],[130.0471,42.9653],[129.9968,42.9653],[129.9725,42.9775],[129.9359,43.0121],[129.9222,43.0144],[129.8825,43.001],[129.8856,42.992],[129.9069,42.9809],[129.8642,42.9742],[129.8536,42.9653],[129.8505,42.9317],[129.7987,42.8401],[129.7926,42.7964],[129.7637,42.7505],[129.756,42.7258],[129.7606,42.7068],[129.788,42.6877],[129.788,42.681],[129.7743,42.6664],[129.7774,42.6507],[129.753,42.6462],[129.7423,42.6327],[129.7484,42.6192],[129.7637,42.6159],[129.7637,42.6103],[129.7377,42.5889],[129.7316,42.4787],[129.7057,42.4461],[129.6737,42.4416],[129.5945,42.4517],[129.5914,42.4145],[129.5655,42.4078],[129.5549,42.3807],[129.5366,42.374],[129.5183,42.3943],[129.4893,42.4055],[129.436,42.445],[129.3887,42.4314],[129.3643,42.4483],[129.343,42.4483],[129.3537,42.4247],[129.3384,42.4179],[129.3278,42.4292],[129.3171,42.4258],[129.3064,42.392],[129.2455,42.383],[129.2302,42.3627],[129.2302,42.3537],[129.2455,42.3424],[129.2378,42.3266],[129.1952,42.3221],[129.1952,42.3153],[129.2302,42.3018],[129.2195,42.295],[129.2134,42.2713],[129.1845,42.2577],[129.1875,42.2385],[129.2134,42.2385],[129.2134,42.2239],[129.1235,42.1526],[129.09,42.1458],[129.0656,42.1572],[129.0656,42.139],[129.029,42.1051],[128.965,42.0915],[128.9437,42.0394],[128.9071,42.0292],[128.8202,42.0473],[128.7242,42.0507],[128.712,42.0349],[128.6846,42.0292],[128.6114,42.0349],[128.5901,42.0247],[128.5764,42.0077],[128.5657,42.0043],[128.5474,42.0111],[128.5047,41.9986],[128.4575,42.0145],[128.4102,42.0122],[128.3676,42.0292],[128.2624,42.036],[128.1039,42.002],[128.0368,41.9975],[128.0216,41.968],[128.0505,41.8669],[128.0612,41.8533],[128.0932,41.8453],[128.1481,41.7577],[128.1618,41.7144],[128.2517,41.6632],[128.2853,41.6255],[128.2853,41.6084],[128.3066,41.5867],[128.2914,41.5479],[128.1877,41.4073],[128.1481,41.3787],[128.1085,41.3821],[128.1222,41.3959],[128.1085,41.4027],[128.0902,41.3924],[128.0688,41.3924],[128.0505,41.4027],[128.0536,41.4245],[128.0185,41.4165],[128.014,41.4634],[128.0033,41.4736],[127.9789,41.4531],[127.9469,41.4736],[127.9073,41.4702],[127.8844,41.4634],[127.8676,41.4416],[127.8524,41.4348],[127.8311,41.4359],[127.8128,41.4462],[127.7884,41.4393],[127.6939,41.4416],[127.6619,41.4496],[127.6406,41.4325],[127.6009,41.4531],[127.5613,41.4611],[127.5476,41.4714],[127.5476,41.4931],[127.5293,41.4874],[127.479,41.5022],[127.4317,41.4874],[127.4058,41.4874],[127.3814,41.5022],[127.3494,41.4931],[127.3098,41.4965],[127.2732,41.5091],[127.2915,41.5228],[127.2839,41.5342],[127.2489,41.5308],[127.2092,41.5491],[127.1833,41.5205],[127.1589,41.5342],[127.1361,41.5262],[127.133,41.5342],[127.1086,41.5411],[127.1223,41.5593],[127.1406,41.573],[127.1833,41.5879],[127.1696,41.5982],[127.101,41.6153],[127.1086,41.629],[127.0614,41.6461],[127.0538,41.6814],[127.0797,41.6848],[127.0461,41.7349],[127.0355,41.7349],[126.9852,41.7668],[126.9501,41.7691],[126.9425,41.7759],[126.9425,41.7975],[126.9318,41.8044],[126.8922,41.7873],[126.8663,41.7509],[126.813,41.7338],[126.7916,41.6996],[126.7306,41.7406],[126.7017,41.7441],[126.6834,41.7384],[126.691,41.727],[126.7306,41.7053],[126.6834,41.6746],[126.6224,41.6689],[126.5721,41.6175],[126.5859,41.5776],[126.5615,41.5376],[126.5462,41.4919],[126.5036,41.4382],[126.5249,41.381],[126.5249,41.3546],[126.4929,41.3466],[126.5036,41.3684],[126.4746,41.3707],[126.4456,41.3512],[126.3953,41.3065],[126.3588,41.2515],[126.313,41.2113],[126.2658,41.1458],[126.1515,41.0952],[126.1286,41.078],[126.1439,41.0596],[126.1042,41.0251],[126.1073,41.0124],[126.0783,40.9997],[126.0753,40.9836],[126.0494,40.9479],[126.0326,40.9375],[125.996,40.9306],[125.9854,40.9156],[126.0143,40.9156],[126.0097,40.9018],[125.9671,40.8937],[125.9381,40.8798],[125.9061,40.9018],[125.8878,40.9006],[125.8268,40.8718],[125.7659,40.8891],[125.7506,40.8706],[125.7125,40.8637],[125.6866,40.8498],[125.647,40.8129],[125.6866,40.7725],[125.6729,40.7655],[125.615,40.7632],[125.6043,40.7759],[125.5754,40.7875],[125.5647,40.7806],[125.5495,40.7285],[125.4809,40.7216],[125.4595,40.6961],[125.4565,40.6753],[125.4245,40.6695],[125.4169,40.6336],[125.3879,40.6371],[125.3772,40.6475],[125.3406,40.6441],[125.298,40.651],[125.2797,40.6452],[125.2614,40.6163],[125.1867,40.5966],[125.0785,40.5502],[125.0282,40.5375],[125.0206,40.5108],[125.0495,40.4725],[125.0465,40.4632],[124.9383,40.4574],[124.8987,40.4864],[124.856,40.4342],[124.8057,40.397],[124.7432,40.3737],[124.7188,40.3121],[124.6472,40.297],[124.574,40.2551],[124.5572,40.2388],[124.5527,40.2224],[124.5313,40.2166],[124.3728,40.1],[124.3942,40.0509],[124.417,40.0393],[124.5024,40.0252],[124.4704,40.0171],[124.4094,40.0299],[124.3881,40.0054],[124.3728,39.9422],[124.3378,39.927],[124.3271,39.9153],[124.3484,39.9024],[124.3667,39.8732],[124.4018,39.8685],[124.4231,39.8263],[124.4384,39.8322],[124.5679,39.8158],[124.571,39.7806],[124.5923,39.7689],[124.5893,39.7266],[124.6136,39.7161],[124.6289,39.6961],[124.6502,39.6996],[124.6502,39.6726],[124.6365,39.6656],[124.6319,39.6468],[124.6136,39.6303],[124.6213,39.6162],[124.6319,39.6127],[124.6289,39.5998],[124.6426,39.5927],[124.6533,39.615],[124.6792,39.6233],[124.7005,39.6397],[124.7219,39.6479],[124.7478,39.6468],[124.7325,39.6667],[124.7584,39.6738],[124.7615,39.6891],[124.7478,39.6926],[124.7584,39.736],[124.7432,39.763],[124.7508,39.7853],[124.7661,39.7501],[124.7767,39.7431],[124.8057,39.7419],[124.8087,39.7325],[124.8514,39.7231],[124.8849,39.7055],[124.8987,39.6938],[124.9063,39.6632],[124.9413,39.6479],[124.952,39.6656],[124.9627,39.6632],[124.9916,39.6397],[125.013,39.6362],[125.0419,39.6092],[125.0998,39.6045],[125.1212,39.5668],[125.176,39.5657],[125.1608,39.5927],[125.2294,39.5927],[125.2157,39.5739],[125.2401,39.5645],[125.2904,39.5233],[125.4489,39.5856],[125.4565,39.5727],[125.4534,39.5586],[125.4458,39.5492],[125.4169,39.5398],[125.4016,39.5033],[125.3483,39.4609],[125.3483,39.4361],[125.3879,39.442],[125.3635,39.4149],[125.3635,39.3996],[125.4641,39.3866],[125.4489,39.3677],[125.4275,39.3595],[125.4092,39.3666],[125.4245,39.3524],[125.4199,39.3229],[125.4489,39.3123],[125.3986,39.2485],[125.4169,39.2154],[125.3696,39.2225],[125.3483,39.2142],[125.3346,39.1953],[125.3483,39.1705],[125.3117,39.1669],[125.2904,39.1539],[125.298,39.1444],[125.2873,39.0911],[125.3376,39.084],[125.2766,39.0829],[125.2157,39.0034],[125.205,38.9762],[125.176,38.9406],[125.1395,38.8051],[125.1501,38.7778],[125.176,38.7647],[125.1943,38.7397],[125.2218,38.7409],[125.234,38.773],[125.2294,38.7968],[125.2446,38.7956],[125.2583,38.7849],[125.2583,38.7635],[125.2721,38.7564],[125.2477,38.729],[125.266,38.7087],[125.2843,38.704],[125.3117,38.7087],[125.301,38.723],[125.3056,38.7361],[125.3193,38.723],[125.3452,38.7195],[125.3559,38.723],[125.3589,38.7361],[125.3666,38.7361],[125.3772,38.723],[125.3909,38.7195],[125.4382,38.7373],[125.4169,38.7564],[125.4275,38.7564],[125.4412,38.7766],[125.4534,38.7778],[125.4809,38.729],[125.5312,38.723],[125.5937,38.6671],[125.6363,38.6599],[125.6607,38.6325],[125.6439,38.6277],[125.5891,38.6432],[125.5601,38.679],[125.5495,38.6802],[125.5357,38.6551],[125.5251,38.6528],[125.5098,38.6873],[125.4672,38.7087],[125.4565,38.7052],[125.4458,38.6873],[125.4016,38.6956],[125.3483,38.6885],[125.3056,38.6587],[125.2721,38.6718],[125.208,38.6528],[125.1821,38.6718],[125.1867,38.6432],[125.1821,38.6361],[125.1608,38.6325],[125.1425,38.6635],[125.1288,38.6671],[125.1212,38.6468],[125.1395,38.6265],[125.1395,38.592],[125.1318,38.58],[125.1075,38.5943],[125.0648,38.5693],[125.0419,38.592],[125.0206,38.5836],[125.0023,38.5943],[124.9886,38.592],[124.9855,38.586],[125.0023,38.5669],[124.9992,38.5371],[125.0252,38.5168],[125.0206,38.4989],[124.9779,38.4415],[124.9779,38.4642],[124.952,38.4523],[124.8849,38.3458],[124.8727,38.2836],[124.8773,38.2572],[124.92,38.2297],[124.9703,38.2357],[124.9962,38.2273],[124.923,38.1901],[124.8849,38.2309],[124.859,38.2273],[124.827,38.1865],[124.7828,38.1805],[124.7691,38.1565],[124.7508,38.1481],[124.7005,38.1457],[124.6792,38.1373],[124.6716,38.1265],[124.6822,38.1157],[124.7981,38.0989],[124.8453,38.1025],[124.8697,38.1073],[124.891,38.1325],[124.9093,38.1265],[124.9413,38.0989],[125.0175,38.0641],[125.1425,38.0989],[125.2111,38.0833],[125.269,38.0785],[125.2766,38.0641],[125.2583,38.0544],[125.2507,38.0208],[125.2294,38.0232],[125.2187,38.046],[125.205,38.0496],[125.1212,38.0436],[125.1105,38.0352],[125.1212,38.0004],[125.1471,37.9835],[125.1715,37.9823],[125.1821,37.9895],[125.1898,37.9811],[125.1684,37.9643],[125.1395,37.9607],[125.0785,37.9811],[124.9962,37.9534],[124.9855,37.927],[125.0175,37.9402],[125.0099,37.9197],[125.0175,37.9065],[125.0678,37.8957],[125.0922,37.8788],[125.1791,37.868],[125.2111,37.8812],[125.2446,37.9306],[125.266,37.933],[125.2614,37.9149],[125.3056,37.8957],[125.3117,37.8788],[125.298,37.8607],[125.2553,37.839],[125.2446,37.8234],[125.3056,37.8234],[125.3117,37.8101],[125.33,37.8137],[125.3803,37.8439],[125.3513,37.8656],[125.4016,37.8656],[125.4489,37.8439],[125.4489,37.8607],[125.3879,37.8933],[125.4351,37.8993],[125.4275,37.9125],[125.4489,37.9209],[125.4672,37.9041],[125.5144,37.8945],[125.5144,37.8848],[125.4809,37.8571],[125.5037,37.8402],[125.5312,37.8439],[125.5281,37.8186],[125.5098,37.8137],[125.4595,37.8234],[125.4382,37.8198],[125.3955,37.7969],[125.3803,37.7824],[125.3986,37.7764],[125.4351,37.7812],[125.4489,37.7739],[125.3955,37.7546],[125.3666,37.7607],[125.3513,37.739],[125.3376,37.687],[125.3513,37.6762],[125.3666,37.6798],[125.3879,37.7172],[125.4412,37.7208],[125.4778,37.7317],[125.5068,37.78],[125.5312,37.7969],[125.5251,37.7812],[125.5312,37.7727],[125.554,37.7715],[125.5571,37.7824],[125.5754,37.7884],[125.586,37.7824],[125.5784,37.7739],[125.5967,37.7643],[125.6257,37.7655],[125.615,37.8065],[125.6439,37.8137],[125.647,37.8234],[125.6257,37.8366],[125.6439,37.8571],[125.6333,37.9029],[125.6363,37.927],[125.6729,37.8993],[125.6897,37.8993],[125.7186,37.9077],[125.7445,37.927],[125.7369,37.933],[125.7003,37.927],[125.7232,37.9534],[125.7049,37.9583],[125.6836,37.9534],[125.6897,37.9727],[125.679,37.9787],[125.6439,37.9739],[125.5997,37.9919],[125.583,38.01],[125.583,38.0268],[125.5997,38.0328],[125.6257,38.0328],[125.6897,38.0124],[125.7583,38.0064],[125.8025,37.9943],[125.8086,37.9522],[125.8375,37.9438],[125.8985,37.8656],[125.9244,37.8451],[125.9488,37.8439],[125.9884,37.8234],[125.9777,37.874],[125.9533,37.8896],[125.9488,37.9029],[125.964,37.9125],[126.0036,37.886],[126.0174,37.8559],[126.028,37.8535],[126.0616,37.8704],[126.0666,37.8153]]]}},{"type":"Feature","properties":{"id":"front-apr51","beat":"apr51","kind":"front","date":"25 Jan – 21 Apr 1951","line":"Line Kansas"},"geometry":{"type":"Polygon","coordinates":[[[126.065,37.833],[126.068,37.8332],[126.1011,37.835],[126.1343,37.8369],[126.1675,37.8388],[126.2007,37.8406],[126.2339,37.8425],[126.2671,37.8444],[126.3003,37.8462],[126.3335,37.8481],[126.3667,37.85],[126.3999,37.8518],[126.4331,37.8537],[126.4663,37.8556],[126.4995,37.8574],[126.5327,37.8593],[126.5659,37.8612],[126.599,37.863],[126.6322,37.8649],[126.6654,37.8668],[126.6924,37.8676],[126.7123,37.8804],[126.7373,37.897],[126.7627,37.9139],[126.7882,37.9309],[126.8136,37.9478],[126.8391,37.9647],[126.8645,37.9816],[126.8899,37.9985],[126.9154,38.0154],[126.9408,38.0323],[126.9664,38.0493],[126.9933,38.0666],[127.0225,38.0813],[127.0506,38.0953],[127.0787,38.1094],[127.1068,38.1234],[127.1348,38.1375],[127.1629,38.1515],[127.191,38.1655],[127.2191,38.1796],[127.2472,38.1936],[127.2775,38.2086],[127.3139,38.2183],[127.3508,38.2186],[127.3841,38.2186],[127.4174,38.2186],[127.4507,38.2186],[127.484,38.2186],[127.5172,38.2186],[127.5505,38.2186],[127.5848,38.2185],[127.6201,38.216],[127.654,38.2103],[127.6865,38.2049],[127.7191,38.1994],[127.7516,38.1939],[127.7842,38.1885],[127.8167,38.183],[127.8493,38.1775],[127.8817,38.1721],[127.9137,38.167],[127.9461,38.1631],[127.9789,38.159],[128.0118,38.155],[128.0447,38.1509],[128.0776,38.1469],[128.1105,38.1428],[128.1433,38.1388],[128.1762,38.1347],[128.2091,38.1307],[128.242,38.1266],[128.2747,38.1226],[128.3059,38.1189],[128.3375,38.119],[128.3708,38.119],[128.4041,38.119],[128.4374,38.119],[128.4707,38.119],[128.5039,38.119],[128.5372,38.119],[128.5705,38.119],[128.6038,38.119],[128.637,38.119],[128.6703,38.119],[128.6687,38.0836],[128.6687,38.119],[128.6703,38.0836],[128.637,38.0836],[128.6038,38.0836],[128.5705,38.0836],[128.5372,38.0836],[128.5039,38.0836],[128.4707,38.0836],[128.4374,38.0836],[128.4041,38.0836],[128.3708,38.0836],[128.3375,38.0836],[128.3026,38.0837],[128.268,38.0876],[128.235,38.0916],[128.2021,38.0957],[128.1693,38.0998],[128.1364,38.1038],[128.1035,38.1079],[128.0706,38.1119],[128.0377,38.116],[128.0049,38.12],[127.972,38.1241],[127.9391,38.1281],[127.9058,38.1322],[127.8725,38.1375],[127.8399,38.143],[127.8073,38.1484],[127.7748,38.1539],[127.7422,38.1594],[127.7097,38.1648],[127.6771,38.1703],[127.6446,38.1757],[127.6133,38.181],[127.5828,38.1832],[127.5505,38.1832],[127.5172,38.1832],[127.484,38.1832],[127.4507,38.1832],[127.4174,38.1832],[127.3841,38.1832],[127.3508,38.1832],[127.3212,38.1835],[127.2971,38.1768],[127.2713,38.1638],[127.2432,38.1497],[127.2151,38.1357],[127.187,38.1217],[127.159,38.1076],[127.1309,38.0936],[127.1028,38.0795],[127.0747,38.0655],[127.0466,38.0514],[127.0196,38.0379],[126.9951,38.0221],[126.9698,38.0053],[126.9444,37.9883],[126.9189,37.9714],[126.8935,37.9545],[126.8681,37.9376],[126.8426,37.9207],[126.8172,37.9038],[126.7917,37.8868],[126.7663,37.8699],[126.7404,37.8527],[126.7081,37.8343],[126.6686,37.8314],[126.6354,37.8295],[126.6022,37.8276],[126.5691,37.8258],[126.5359,37.8239],[126.5027,37.822],[126.4695,37.8201],[126.4363,37.8183],[126.4031,37.8164],[126.3699,37.8145],[126.3367,37.8127],[126.3035,37.8108],[126.2703,37.8089],[126.2371,37.8071],[126.2039,37.8052],[126.1707,37.8033],[126.1375,37.8015],[126.1043,37.7996],[126.0711,37.7977],[126.0682,37.7976],[126.065,37.833]]]}},{"type":"Feature","properties":{"id":"held-may51","beat":"may51","kind":"held","date":"22 Apr – 20 May 1951","line":"Line No Name (north of Seoul)","held_by_north_pct":61,"computed_share_pct":62},"geometry":{"type":"Polygon","coordinates":[[[126.5585,37.6383],[126.5751,37.6392],[126.6086,37.6409],[126.6422,37.6426],[126.6757,37.6443],[126.7092,37.646],[126.7427,37.6477],[126.7763,37.6494],[126.8094,37.6524],[126.841,37.6615],[126.8726,37.6706],[126.9042,37.6796],[126.9358,37.6887],[126.9673,37.6978],[126.9989,37.7068],[127.0305,37.7159],[127.0621,37.725],[127.0937,37.734],[127.1252,37.7431],[127.157,37.7516],[127.1901,37.7563],[127.2232,37.7609],[127.2562,37.7656],[127.2893,37.7703],[127.3224,37.7749],[127.3554,37.7796],[127.3885,37.7843],[127.4216,37.789],[127.4547,37.7936],[127.4877,37.7983],[127.5197,37.7951],[127.5506,37.7847],[127.5816,37.7744],[127.6125,37.7641],[127.6435,37.7538],[127.6744,37.7434],[127.7054,37.7331],[127.7363,37.7228],[127.7673,37.7124],[127.7982,37.7021],[127.8271,37.6885],[127.8555,37.6743],[127.8838,37.6601],[127.9122,37.6459],[127.9406,37.6316],[127.969,37.6174],[127.9974,37.6032],[128.0258,37.5889],[128.0542,37.5747],[128.0825,37.5605],[128.1113,37.5543],[128.1409,37.5669],[128.1704,37.5796],[128.2,37.5922],[128.2295,37.6049],[128.2591,37.6175],[128.2887,37.6302],[128.3182,37.6428],[128.3478,37.6554],[128.3774,37.668],[128.4069,37.6807],[128.4365,37.6933],[128.4667,37.7049],[128.4976,37.7153],[128.5285,37.7257],[128.5595,37.7361],[128.5904,37.7464],[128.6213,37.7568],[128.6522,37.7672],[128.6832,37.7776],[128.7141,37.7879],[128.745,37.7983],[128.7759,37.8087],[128.8069,37.819],[128.8378,37.8294],[128.8687,37.8398],[128.8996,37.8501],[128.8881,37.8463],[128.6449,38.1289],[128.5657,38.2896],[128.4758,38.4272],[128.4422,38.506],[128.3676,38.6265],[128.363,38.6802],[128.3493,38.6968],[128.3249,38.7123],[128.2853,38.7564],[128.2121,38.729],[128.0932,38.8444],[128.0185,38.8598],[127.9637,38.918],[127.9286,38.9358],[127.9179,38.9655],[127.9103,38.969],[127.892,38.9619],[127.889,38.9762],[127.8524,39.0034],[127.828,39.0449],[127.7625,39.1184],[127.6649,39.1231],[127.6482,39.1397],[127.6116,39.1539],[127.5354,39.148],[127.514,39.1586],[127.4927,39.1953],[127.4744,39.1953],[127.4744,39.1705],[127.4577,39.1669],[127.3952,39.2036],[127.3738,39.2414],[127.4028,39.3253],[127.3952,39.343],[127.418,39.343],[127.4287,39.3323],[127.4714,39.3406],[127.4744,39.3489],[127.4714,39.3666],[127.4577,39.3701],[127.4287,39.3595],[127.3921,39.3677],[127.3814,39.3795],[127.4287,39.3937],[127.4714,39.4326],[127.4973,39.4361],[127.511,39.4102],[127.5476,39.3725],[127.5293,39.3465],[127.5247,39.317],[127.5476,39.304],[127.5643,39.317],[127.5643,39.3465],[127.5217,39.5115],[127.54,39.5539],[127.5796,39.5962],[127.572,39.6197],[127.5537,39.6385],[127.514,39.6515],[127.5034,39.709],[127.5247,39.7477],[127.5537,39.763],[127.5643,39.7853],[127.5796,39.7993],[127.6116,39.8122],[127.6253,39.8322],[127.6512,39.8228],[127.6649,39.8087],[127.6832,39.8193],[127.6985,39.8497],[127.7305,39.8591],[127.7671,39.8568],[127.7945,39.8685],[127.7991,39.8779],[127.7838,39.8872],[127.8783,39.8954],[127.892,39.9633],[127.9103,39.9867],[127.9317,39.975],[127.9423,39.9762],[127.9682,40.0065],[128.0002,40.0217],[128.0109,40.0474],[128.1405,40.0288],[128.1588,40.0182],[128.1953,40.0323],[128.238,40.0323],[128.2304,40.0591],[128.238,40.0696],[128.267,40.079],[128.2853,40.0673],[128.3066,40.0358],[128.331,40.0299],[128.3416,40.0696],[128.3676,40.1],[128.4148,40.0977],[128.4392,40.1058],[128.4819,40.1373],[128.5108,40.1373],[128.5291,40.1455],[128.5474,40.1688],[128.5901,40.1886],[128.6297,40.1828],[128.6663,40.2026],[128.6693,40.2434],[128.6587,40.2597],[128.619,40.2737],[128.6221,40.2993],[128.6404,40.3156],[128.6587,40.3226],[128.6587,40.3121],[128.6739,40.3121],[128.6907,40.333],[128.7242,40.3412],[128.7562,40.3377],[128.7669,40.3482],[128.8172,40.3563],[128.8309,40.3703],[128.8644,40.3737],[128.9787,40.4632],[129.0336,40.476],[129.0793,40.4748],[129.1632,40.5676],[129.1738,40.5711],[129.1769,40.607],[129.1982,40.6406],[129.2195,40.6996],[129.2348,40.7077],[129.2744,40.7112],[129.2881,40.6857],[129.3064,40.6753],[129.3537,40.7482],[129.4283,40.784],[129.4786,40.7956],[129.5076,40.7944],[129.5335,40.8094],[129.5549,40.8129],[129.5549,40.8314],[129.5731,40.8429],[129.6661,40.8418],[129.6981,40.8487],[129.7088,40.8383],[129.721,40.8383],[129.7377,40.8741],[129.7347,40.8937],[129.756,40.9121],[129.756,40.941],[129.7667,40.9479],[129.7316,40.9813],[129.721,41.0596],[129.7316,41.0883],[129.7134,41.1251],[129.7606,41.2962],[129.7713,41.318],[129.788,41.3283],[129.8063,41.3787],[129.7987,41.389],[129.7713,41.389],[129.7606,41.3959],[129.7377,41.4245],[129.7164,41.4222],[129.6631,41.4679],[129.6554,41.4965],[129.6631,41.5296],[129.6524,41.5525],[129.6692,41.5799],[129.692,41.6529],[129.7164,41.678],[129.753,41.6996],[129.7774,41.7623],[129.814,41.7805],[129.8277,41.7805],[129.846,41.7623],[129.8536,41.7668],[129.8566,41.7839],[129.8719,41.7941],[129.8856,41.8283],[129.8856,41.8601],[129.9008,41.9078],[129.9145,41.9146],[129.9405,41.9078],[129.9466,41.8976],[129.9572,41.8953],[129.9648,41.9021],[129.9755,41.9453],[129.9862,41.9589],[130.0045,41.9646],[129.9831,41.985],[130.0045,41.994],[130.0045,42.0145],[130.0151,42.0179],[130.0304,41.9952],[130.0365,41.9986],[130.0471,42.0394],[130.0548,42.0541],[130.07,42.0541],[130.0761,42.0813],[130.0944,42.0938],[130.1233,42.0938],[130.1523,42.0779],[130.1706,42.0802],[130.163,42.0881],[130.1767,42.1017],[130.1874,42.1074],[130.2026,42.1051],[130.2026,42.1764],[130.2316,42.1866],[130.2956,42.2408],[130.3108,42.2408],[130.3169,42.2216],[130.3108,42.1866],[130.3322,42.1945],[130.3352,42.2171],[130.3535,42.2205],[130.3718,42.2352],[130.3611,42.2476],[130.3672,42.2589],[130.3794,42.2611],[130.4038,42.2453],[130.4068,42.2645],[130.3931,42.2679],[130.3855,42.295],[130.4068,42.3119],[130.4068,42.3289],[130.4221,42.3289],[130.4404,42.3131],[130.4587,42.3153],[130.4724,42.3255],[130.4693,42.339],[130.483,42.3435],[130.512,42.3401],[130.541,42.3221],[130.5699,42.3187],[130.5989,42.3018],[130.5989,42.2657],[130.7025,42.2984],[130.6629,42.3255],[130.6598,42.3875],[130.6492,42.4044],[130.5882,42.4359],[130.576,42.4495],[130.5257,42.553],[130.5196,42.6035],[130.5044,42.6136],[130.4861,42.6136],[130.4693,42.6035],[130.4587,42.5889],[130.4724,42.5732],[130.4693,42.5586],[130.4541,42.553],[130.4327,42.5653],[130.4297,42.6035],[130.4221,42.6091],[130.3931,42.6103],[130.3245,42.654],[130.3169,42.6709],[130.2636,42.7124],[130.2453,42.7471],[130.2559,42.8703],[130.2422,42.906],[130.195,42.9128],[130.1416,42.9116],[130.102,42.925],[130.131,42.9641],[130.134,42.9775],[130.1233,42.9854],[130.0471,42.9653],[129.9968,42.9653],[129.9725,42.9775],[129.9359,43.0121],[129.9222,43.0144],[129.8825,43.001],[129.8856,42.992],[129.9069,42.9809],[129.8642,42.9742],[129.8536,42.9653],[129.8505,42.9317],[129.7987,42.8401],[129.7926,42.7964],[129.7637,42.7505],[129.756,42.7258],[129.7606,42.7068],[129.788,42.6877],[129.788,42.681],[129.7743,42.6664],[129.7774,42.6507],[129.753,42.6462],[129.7423,42.6327],[129.7484,42.6192],[129.7637,42.6159],[129.7637,42.6103],[129.7377,42.5889],[129.7316,42.4787],[129.7057,42.4461],[129.6737,42.4416],[129.5945,42.4517],[129.5914,42.4145],[129.5655,42.4078],[129.5549,42.3807],[129.5366,42.374],[129.5183,42.3943],[129.4893,42.4055],[129.436,42.445],[129.3887,42.4314],[129.3643,42.4483],[129.343,42.4483],[129.3537,42.4247],[129.3384,42.4179],[129.3278,42.4292],[129.3171,42.4258],[129.3064,42.392],[129.2455,42.383],[129.2302,42.3627],[129.2302,42.3537],[129.2455,42.3424],[129.2378,42.3266],[129.1952,42.3221],[129.1952,42.3153],[129.2302,42.3018],[129.2195,42.295],[129.2134,42.2713],[129.1845,42.2577],[129.1875,42.2385],[129.2134,42.2385],[129.2134,42.2239],[129.1235,42.1526],[129.09,42.1458],[129.0656,42.1572],[129.0656,42.139],[129.029,42.1051],[128.965,42.0915],[128.9437,42.0394],[128.9071,42.0292],[128.8202,42.0473],[128.7242,42.0507],[128.712,42.0349],[128.6846,42.0292],[128.6114,42.0349],[128.5901,42.0247],[128.5764,42.0077],[128.5657,42.0043],[128.5474,42.0111],[128.5047,41.9986],[128.4575,42.0145],[128.4102,42.0122],[128.3676,42.0292],[128.2624,42.036],[128.1039,42.002],[128.0368,41.9975],[128.0216,41.968],[128.0505,41.8669],[128.0612,41.8533],[128.0932,41.8453],[128.1481,41.7577],[128.1618,41.7144],[128.2517,41.6632],[128.2853,41.6255],[128.2853,41.6084],[128.3066,41.5867],[128.2914,41.5479],[128.1877,41.4073],[128.1481,41.3787],[128.1085,41.3821],[128.1222,41.3959],[128.1085,41.4027],[128.0902,41.3924],[128.0688,41.3924],[128.0505,41.4027],[128.0536,41.4245],[128.0185,41.4165],[128.014,41.4634],[128.0033,41.4736],[127.9789,41.4531],[127.9469,41.4736],[127.9073,41.4702],[127.8844,41.4634],[127.8676,41.4416],[127.8524,41.4348],[127.8311,41.4359],[127.8128,41.4462],[127.7884,41.4393],[127.6939,41.4416],[127.6619,41.4496],[127.6406,41.4325],[127.6009,41.4531],[127.5613,41.4611],[127.5476,41.4714],[127.5476,41.4931],[127.5293,41.4874],[127.479,41.5022],[127.4317,41.4874],[127.4058,41.4874],[127.3814,41.5022],[127.3494,41.4931],[127.3098,41.4965],[127.2732,41.5091],[127.2915,41.5228],[127.2839,41.5342],[127.2489,41.5308],[127.2092,41.5491],[127.1833,41.5205],[127.1589,41.5342],[127.1361,41.5262],[127.133,41.5342],[127.1086,41.5411],[127.1223,41.5593],[127.1406,41.573],[127.1833,41.5879],[127.1696,41.5982],[127.101,41.6153],[127.1086,41.629],[127.0614,41.6461],[127.0538,41.6814],[127.0797,41.6848],[127.0461,41.7349],[127.0355,41.7349],[126.9852,41.7668],[126.9501,41.7691],[126.9425,41.7759],[126.9425,41.7975],[126.9318,41.8044],[126.8922,41.7873],[126.8663,41.7509],[126.813,41.7338],[126.7916,41.6996],[126.7306,41.7406],[126.7017,41.7441],[126.6834,41.7384],[126.691,41.727],[126.7306,41.7053],[126.6834,41.6746],[126.6224,41.6689],[126.5721,41.6175],[126.5859,41.5776],[126.5615,41.5376],[126.5462,41.4919],[126.5036,41.4382],[126.5249,41.381],[126.5249,41.3546],[126.4929,41.3466],[126.5036,41.3684],[126.4746,41.3707],[126.4456,41.3512],[126.3953,41.3065],[126.3588,41.2515],[126.313,41.2113],[126.2658,41.1458],[126.1515,41.0952],[126.1286,41.078],[126.1439,41.0596],[126.1042,41.0251],[126.1073,41.0124],[126.0783,40.9997],[126.0753,40.9836],[126.0494,40.9479],[126.0326,40.9375],[125.996,40.9306],[125.9854,40.9156],[126.0143,40.9156],[126.0097,40.9018],[125.9671,40.8937],[125.9381,40.8798],[125.9061,40.9018],[125.8878,40.9006],[125.8268,40.8718],[125.7659,40.8891],[125.7506,40.8706],[125.7125,40.8637],[125.6866,40.8498],[125.647,40.8129],[125.6866,40.7725],[125.6729,40.7655],[125.615,40.7632],[125.6043,40.7759],[125.5754,40.7875],[125.5647,40.7806],[125.5495,40.7285],[125.4809,40.7216],[125.4595,40.6961],[125.4565,40.6753],[125.4245,40.6695],[125.4169,40.6336],[125.3879,40.6371],[125.3772,40.6475],[125.3406,40.6441],[125.298,40.651],[125.2797,40.6452],[125.2614,40.6163],[125.1867,40.5966],[125.0785,40.5502],[125.0282,40.5375],[125.0206,40.5108],[125.0495,40.4725],[125.0465,40.4632],[124.9383,40.4574],[124.8987,40.4864],[124.856,40.4342],[124.8057,40.397],[124.7432,40.3737],[124.7188,40.3121],[124.6472,40.297],[124.574,40.2551],[124.5572,40.2388],[124.5527,40.2224],[124.5313,40.2166],[124.3728,40.1],[124.3942,40.0509],[124.417,40.0393],[124.5024,40.0252],[124.4704,40.0171],[124.4094,40.0299],[124.3881,40.0054],[124.3728,39.9422],[124.3378,39.927],[124.3271,39.9153],[124.3484,39.9024],[124.3667,39.8732],[124.4018,39.8685],[124.4231,39.8263],[124.4384,39.8322],[124.5679,39.8158],[124.571,39.7806],[124.5923,39.7689],[124.5893,39.7266],[124.6136,39.7161],[124.6289,39.6961],[124.6502,39.6996],[124.6502,39.6726],[124.6365,39.6656],[124.6319,39.6468],[124.6136,39.6303],[124.6213,39.6162],[124.6319,39.6127],[124.6289,39.5998],[124.6426,39.5927],[124.6533,39.615],[124.6792,39.6233],[124.7005,39.6397],[124.7219,39.6479],[124.7478,39.6468],[124.7325,39.6667],[124.7584,39.6738],[124.7615,39.6891],[124.7478,39.6926],[124.7584,39.736],[124.7432,39.763],[124.7508,39.7853],[124.7661,39.7501],[124.7767,39.7431],[124.8057,39.7419],[124.8087,39.7325],[124.8514,39.7231],[124.8849,39.7055],[124.8987,39.6938],[124.9063,39.6632],[124.9413,39.6479],[124.952,39.6656],[124.9627,39.6632],[124.9916,39.6397],[125.013,39.6362],[125.0419,39.6092],[125.0998,39.6045],[125.1212,39.5668],[125.176,39.5657],[125.1608,39.5927],[125.2294,39.5927],[125.2157,39.5739],[125.2401,39.5645],[125.2904,39.5233],[125.4489,39.5856],[125.4565,39.5727],[125.4534,39.5586],[125.4458,39.5492],[125.4169,39.5398],[125.4016,39.5033],[125.3483,39.4609],[125.3483,39.4361],[125.3879,39.442],[125.3635,39.4149],[125.3635,39.3996],[125.4641,39.3866],[125.4489,39.3677],[125.4275,39.3595],[125.4092,39.3666],[125.4245,39.3524],[125.4199,39.3229],[125.4489,39.3123],[125.3986,39.2485],[125.4169,39.2154],[125.3696,39.2225],[125.3483,39.2142],[125.3346,39.1953],[125.3483,39.1705],[125.3117,39.1669],[125.2904,39.1539],[125.298,39.1444],[125.2873,39.0911],[125.3376,39.084],[125.2766,39.0829],[125.2157,39.0034],[125.205,38.9762],[125.176,38.9406],[125.1395,38.8051],[125.1501,38.7778],[125.176,38.7647],[125.1943,38.7397],[125.2218,38.7409],[125.234,38.773],[125.2294,38.7968],[125.2446,38.7956],[125.2583,38.7849],[125.2583,38.7635],[125.2721,38.7564],[125.2477,38.729],[125.266,38.7087],[125.2843,38.704],[125.3117,38.7087],[125.301,38.723],[125.3056,38.7361],[125.3193,38.723],[125.3452,38.7195],[125.3559,38.723],[125.3589,38.7361],[125.3666,38.7361],[125.3772,38.723],[125.3909,38.7195],[125.4382,38.7373],[125.4169,38.7564],[125.4275,38.7564],[125.4412,38.7766],[125.4534,38.7778],[125.4809,38.729],[125.5312,38.723],[125.5937,38.6671],[125.6363,38.6599],[125.6607,38.6325],[125.6439,38.6277],[125.5891,38.6432],[125.5601,38.679],[125.5495,38.6802],[125.5357,38.6551],[125.5251,38.6528],[125.5098,38.6873],[125.4672,38.7087],[125.4565,38.7052],[125.4458,38.6873],[125.4016,38.6956],[125.3483,38.6885],[125.3056,38.6587],[125.2721,38.6718],[125.208,38.6528],[125.1821,38.6718],[125.1867,38.6432],[125.1821,38.6361],[125.1608,38.6325],[125.1425,38.6635],[125.1288,38.6671],[125.1212,38.6468],[125.1395,38.6265],[125.1395,38.592],[125.1318,38.58],[125.1075,38.5943],[125.0648,38.5693],[125.0419,38.592],[125.0206,38.5836],[125.0023,38.5943],[124.9886,38.592],[124.9855,38.586],[125.0023,38.5669],[124.9992,38.5371],[125.0252,38.5168],[125.0206,38.4989],[124.9779,38.4415],[124.9779,38.4642],[124.952,38.4523],[124.8849,38.3458],[124.8727,38.2836],[124.8773,38.2572],[124.92,38.2297],[124.9703,38.2357],[124.9962,38.2273],[124.923,38.1901],[124.8849,38.2309],[124.859,38.2273],[124.827,38.1865],[124.7828,38.1805],[124.7691,38.1565],[124.7508,38.1481],[124.7005,38.1457],[124.6792,38.1373],[124.6716,38.1265],[124.6822,38.1157],[124.7981,38.0989],[124.8453,38.1025],[124.8697,38.1073],[124.891,38.1325],[124.9093,38.1265],[124.9413,38.0989],[125.0175,38.0641],[125.1425,38.0989],[125.2111,38.0833],[125.269,38.0785],[125.2766,38.0641],[125.2583,38.0544],[125.2507,38.0208],[125.2294,38.0232],[125.2187,38.046],[125.205,38.0496],[125.1212,38.0436],[125.1105,38.0352],[125.1212,38.0004],[125.1471,37.9835],[125.1715,37.9823],[125.1821,37.9895],[125.1898,37.9811],[125.1684,37.9643],[125.1395,37.9607],[125.0785,37.9811],[124.9962,37.9534],[124.9855,37.927],[125.0175,37.9402],[125.0099,37.9197],[125.0175,37.9065],[125.0678,37.8957],[125.0922,37.8788],[125.1791,37.868],[125.2111,37.8812],[125.2446,37.9306],[125.266,37.933],[125.2614,37.9149],[125.3056,37.8957],[125.3117,37.8788],[125.298,37.8607],[125.2553,37.839],[125.2446,37.8234],[125.3056,37.8234],[125.3117,37.8101],[125.33,37.8137],[125.3803,37.8439],[125.3513,37.8656],[125.4016,37.8656],[125.4489,37.8439],[125.4489,37.8607],[125.3879,37.8933],[125.4351,37.8993],[125.4275,37.9125],[125.4489,37.9209],[125.4672,37.9041],[125.5144,37.8945],[125.5144,37.8848],[125.4809,37.8571],[125.5037,37.8402],[125.5312,37.8439],[125.5281,37.8186],[125.5098,37.8137],[125.4595,37.8234],[125.4382,37.8198],[125.3955,37.7969],[125.3803,37.7824],[125.3986,37.7764],[125.4351,37.7812],[125.4489,37.7739],[125.3955,37.7546],[125.3666,37.7607],[125.3513,37.739],[125.3376,37.687],[125.3513,37.6762],[125.3666,37.6798],[125.3879,37.7172],[125.4412,37.7208],[125.4778,37.7317],[125.5068,37.78],[125.5312,37.7969],[125.5251,37.7812],[125.5312,37.7727],[125.554,37.7715],[125.5571,37.7824],[125.5754,37.7884],[125.586,37.7824],[125.5784,37.7739],[125.5967,37.7643],[125.6257,37.7655],[125.615,37.8065],[125.6439,37.8137],[125.647,37.8234],[125.6257,37.8366],[125.6439,37.8571],[125.6333,37.9029],[125.6363,37.927],[125.6729,37.8993],[125.6897,37.8993],[125.7186,37.9077],[125.7445,37.927],[125.7369,37.933],[125.7003,37.927],[125.7232,37.9534],[125.7049,37.9583],[125.6836,37.9534],[125.6897,37.9727],[125.679,37.9787],[125.6439,37.9739],[125.5997,37.9919],[125.583,38.01],[125.583,38.0268],[125.5997,38.0328],[125.6257,38.0328],[125.6897,38.0124],[125.7583,38.0064],[125.8025,37.9943],[125.8086,37.9522],[125.8375,37.9438],[125.8985,37.8656],[125.9244,37.8451],[125.9488,37.8439],[125.9884,37.8234],[125.9777,37.874],[125.9533,37.8896],[125.9488,37.9029],[125.964,37.9125],[126.0036,37.886],[126.0174,37.8559],[126.028,37.8535],[126.0616,37.8704],[126.0677,37.8029],[126.089,37.8017],[126.1149,37.7402],[126.1622,37.7341],[126.1682,37.7691],[126.1515,37.8198],[126.1622,37.8306],[126.2048,37.8451],[126.2627,37.8451],[126.3633,37.8848],[126.403,37.8933],[126.438,37.8487],[126.5782,37.7776],[126.5965,37.7739],[126.6544,37.7993],[126.6575,37.8149],[126.6727,37.8282],[126.6864,37.8366],[126.7047,37.8306],[126.6864,37.7944],[126.7047,37.7438],[126.6834,37.687],[126.7596,37.6375],[126.6941,37.6532],[126.6651,37.6726],[126.6727,37.7293],[126.6651,37.7571],[126.6514,37.7655],[126.6072,37.7546],[126.5508,37.7715],[126.5401,37.7691],[126.5356,37.7558],[126.5585,37.6383]]]}},{"type":"Feature","properties":{"id":"front-may51","beat":"may51","kind":"front","date":"22 Apr – 20 May 1951","line":"Line No Name (north of Seoul)"},"geometry":{"type":"Polygon","coordinates":[[[126.557,37.6561],[126.5737,37.6569],[126.6072,37.6587],[126.6407,37.6604],[126.6742,37.6621],[126.7078,37.6638],[126.7413,37.6655],[126.7743,37.6671],[126.8043,37.6697],[126.8334,37.6782],[126.8649,37.6873],[126.8965,37.6964],[126.9281,37.7054],[126.9597,37.7145],[126.9913,37.7236],[127.0228,37.7326],[127.0544,37.7417],[127.086,37.7507],[127.1178,37.7599],[127.1514,37.7688],[127.1861,37.7738],[127.2192,37.7784],[127.2523,37.7831],[127.2853,37.7878],[127.3184,37.7924],[127.3515,37.7971],[127.3846,37.8018],[127.4176,37.8064],[127.4507,37.8111],[127.4871,37.816],[127.5256,37.8122],[127.5594,37.8011],[127.5903,37.7908],[127.6213,37.7805],[127.6522,37.7701],[127.6832,37.7598],[127.7141,37.7495],[127.7451,37.7391],[127.776,37.7288],[127.8084,37.718],[127.8388,37.7037],[127.8675,37.6894],[127.8959,37.6751],[127.9243,37.6609],[127.9526,37.6467],[127.981,37.6325],[128.0094,37.6182],[128.0378,37.604],[128.0662,37.5898],[128.0918,37.5767],[128.1082,37.572],[128.1302,37.5826],[128.1597,37.5953],[128.1893,37.6079],[128.2189,37.6206],[128.2484,37.6332],[128.278,37.6458],[128.3076,37.6585],[128.3371,37.6711],[128.3667,37.6837],[128.3963,37.6963],[128.4262,37.7091],[128.4574,37.7211],[128.4888,37.7317],[128.5197,37.7421],[128.5507,37.7524],[128.5816,37.7628],[128.6125,37.7732],[128.6435,37.7836],[128.6744,37.7939],[128.7053,37.8043],[128.7362,37.8147],[128.7672,37.825],[128.7981,37.8354],[128.829,37.8458],[128.8599,37.8561],[128.8909,37.8665],[128.8969,37.8299],[128.8794,37.8626],[128.9084,37.8338],[128.8775,37.8234],[128.8466,37.8131],[128.8156,37.8027],[128.7847,37.7923],[128.7538,37.782],[128.7229,37.7716],[128.6919,37.7612],[128.661,37.7508],[128.6301,37.7405],[128.5992,37.7301],[128.5682,37.7197],[128.5373,37.7093],[128.5064,37.6989],[128.476,37.6887],[128.4468,37.6775],[128.4176,37.665],[128.3881,37.6524],[128.3585,37.6398],[128.3289,37.6271],[128.2994,37.6145],[128.2698,37.6018],[128.2402,37.5892],[128.2107,37.5766],[128.1811,37.5639],[128.1515,37.5513],[128.1144,37.5366],[128.0733,37.5442],[128.0421,37.5596],[128.0138,37.5739],[127.9854,37.5881],[127.957,37.6024],[127.9286,37.6166],[127.9002,37.6308],[127.8718,37.6451],[127.8434,37.6593],[127.8153,37.6734],[127.7881,37.6862],[127.7585,37.696],[127.7276,37.7064],[127.6966,37.7167],[127.6657,37.727],[127.6347,37.7374],[127.6038,37.7477],[127.5728,37.758],[127.5419,37.7684],[127.5138,37.7779],[127.4884,37.7805],[127.4586,37.7761],[127.4255,37.7715],[127.3925,37.7668],[127.3594,37.7621],[127.3263,37.7574],[127.2933,37.7528],[127.2602,37.7481],[127.2271,37.7434],[127.194,37.7388],[127.1626,37.7344],[127.1327,37.7263],[127.1013,37.7173],[127.0698,37.7082],[127.0382,37.6992],[127.0066,37.6901],[126.975,37.681],[126.9434,37.672],[126.9119,37.6629],[126.8803,37.6538],[126.8487,37.6448],[126.8146,37.6351],[126.7783,37.6317],[126.7442,37.6299],[126.7106,37.6282],[126.6771,37.6265],[126.6436,37.6248],[126.6101,37.6231],[126.5765,37.6214],[126.5599,37.6206],[126.557,37.6561]]]}},{"type":"Feature","properties":{"id":"held-jun51","beat":"jun51","kind":"held","date":"Mid-June 1951","line":"Kansas–Wyoming","held_by_north_pct":56,"computed_share_pct":57},"geometry":{"type":"Polygon","coordinates":[[[126.1034,37.7675],[126.1141,37.7681],[126.1486,37.77],[126.183,37.7719],[126.2175,37.7738],[126.252,37.7757],[126.2864,37.7776],[126.3209,37.7795],[126.3553,37.7814],[126.3898,37.7833],[126.4242,37.7851],[126.4587,37.787],[126.4932,37.7889],[126.5276,37.7908],[126.5621,37.7927],[126.5965,37.7946],[126.631,37.7965],[126.6655,37.7984],[126.6999,37.8003],[126.7247,37.8184],[126.7484,37.8382],[126.7722,37.8581],[126.7959,37.8779],[126.8197,37.8977],[126.8434,37.9175],[126.8671,37.9372],[126.8909,37.957],[126.9146,37.9768],[126.9384,37.9966],[126.9621,38.0163],[126.9858,38.0361],[127.009,38.0563],[127.0303,38.0777],[127.0517,38.099],[127.0731,38.1204],[127.0944,38.1417],[127.1158,38.1631],[127.1372,38.1844],[127.1585,38.2057],[127.1799,38.2271],[127.2013,38.2484],[127.2226,38.2697],[127.244,38.291],[127.2727,38.3004],[127.3072,38.3004],[127.3418,38.3004],[127.3763,38.3004],[127.4109,38.3004],[127.4454,38.3004],[127.48,38.3004],[127.5145,38.3004],[127.549,38.3004],[127.5829,38.2956],[127.6168,38.29],[127.6506,38.2844],[127.6844,38.2789],[127.7182,38.2733],[127.752,38.2677],[127.7858,38.2622],[127.8196,38.2566],[127.8534,38.2514],[127.8872,38.2569],[127.921,38.2624],[127.9548,38.268],[127.9886,38.2735],[128.0225,38.2791],[128.0563,38.2846],[128.0901,38.2901],[128.1239,38.2957],[128.1578,38.3004],[128.1924,38.3004],[128.2269,38.3004],[128.2614,38.3004],[128.296,38.3004],[128.3305,38.3004],[128.3651,38.3004],[128.3996,38.3004],[128.4335,38.2953],[128.4673,38.2898],[128.5011,38.2843],[128.5349,38.2787],[128.5687,38.2732],[128.6026,38.2676],[128.5742,38.2723],[128.5657,38.2896],[128.4758,38.4272],[128.4422,38.506],[128.3676,38.6265],[128.363,38.6802],[128.3493,38.6968],[128.3249,38.7123],[128.2853,38.7564],[128.2121,38.729],[128.0932,38.8444],[128.0185,38.8598],[127.9637,38.918],[127.9286,38.9358],[127.9179,38.9655],[127.9103,38.969],[127.892,38.9619],[127.889,38.9762],[127.8524,39.0034],[127.828,39.0449],[127.7625,39.1184],[127.6649,39.1231],[127.6482,39.1397],[127.6116,39.1539],[127.5354,39.148],[127.514,39.1586],[127.4927,39.1953],[127.4744,39.1953],[127.4744,39.1705],[127.4577,39.1669],[127.3952,39.2036],[127.3738,39.2414],[127.4028,39.3253],[127.3952,39.343],[127.418,39.343],[127.4287,39.3323],[127.4714,39.3406],[127.4744,39.3489],[127.4714,39.3666],[127.4577,39.3701],[127.4287,39.3595],[127.3921,39.3677],[127.3814,39.3795],[127.4287,39.3937],[127.4714,39.4326],[127.4973,39.4361],[127.511,39.4102],[127.5476,39.3725],[127.5293,39.3465],[127.5247,39.317],[127.5476,39.304],[127.5643,39.317],[127.5643,39.3465],[127.5217,39.5115],[127.54,39.5539],[127.5796,39.5962],[127.572,39.6197],[127.5537,39.6385],[127.514,39.6515],[127.5034,39.709],[127.5247,39.7477],[127.5537,39.763],[127.5643,39.7853],[127.5796,39.7993],[127.6116,39.8122],[127.6253,39.8322],[127.6512,39.8228],[127.6649,39.8087],[127.6832,39.8193],[127.6985,39.8497],[127.7305,39.8591],[127.7671,39.8568],[127.7945,39.8685],[127.7991,39.8779],[127.7838,39.8872],[127.8783,39.8954],[127.892,39.9633],[127.9103,39.9867],[127.9317,39.975],[127.9423,39.9762],[127.9682,40.0065],[128.0002,40.0217],[128.0109,40.0474],[128.1405,40.0288],[128.1588,40.0182],[128.1953,40.0323],[128.238,40.0323],[128.2304,40.0591],[128.238,40.0696],[128.267,40.079],[128.2853,40.0673],[128.3066,40.0358],[128.331,40.0299],[128.3416,40.0696],[128.3676,40.1],[128.4148,40.0977],[128.4392,40.1058],[128.4819,40.1373],[128.5108,40.1373],[128.5291,40.1455],[128.5474,40.1688],[128.5901,40.1886],[128.6297,40.1828],[128.6663,40.2026],[128.6693,40.2434],[128.6587,40.2597],[128.619,40.2737],[128.6221,40.2993],[128.6404,40.3156],[128.6587,40.3226],[128.6587,40.3121],[128.6739,40.3121],[128.6907,40.333],[128.7242,40.3412],[128.7562,40.3377],[128.7669,40.3482],[128.8172,40.3563],[128.8309,40.3703],[128.8644,40.3737],[128.9787,40.4632],[129.0336,40.476],[129.0793,40.4748],[129.1632,40.5676],[129.1738,40.5711],[129.1769,40.607],[129.1982,40.6406],[129.2195,40.6996],[129.2348,40.7077],[129.2744,40.7112],[129.2881,40.6857],[129.3064,40.6753],[129.3537,40.7482],[129.4283,40.784],[129.4786,40.7956],[129.5076,40.7944],[129.5335,40.8094],[129.5549,40.8129],[129.5549,40.8314],[129.5731,40.8429],[129.6661,40.8418],[129.6981,40.8487],[129.7088,40.8383],[129.721,40.8383],[129.7377,40.8741],[129.7347,40.8937],[129.756,40.9121],[129.756,40.941],[129.7667,40.9479],[129.7316,40.9813],[129.721,41.0596],[129.7316,41.0883],[129.7134,41.1251],[129.7606,41.2962],[129.7713,41.318],[129.788,41.3283],[129.8063,41.3787],[129.7987,41.389],[129.7713,41.389],[129.7606,41.3959],[129.7377,41.4245],[129.7164,41.4222],[129.6631,41.4679],[129.6554,41.4965],[129.6631,41.5296],[129.6524,41.5525],[129.6692,41.5799],[129.692,41.6529],[129.7164,41.678],[129.753,41.6996],[129.7774,41.7623],[129.814,41.7805],[129.8277,41.7805],[129.846,41.7623],[129.8536,41.7668],[129.8566,41.7839],[129.8719,41.7941],[129.8856,41.8283],[129.8856,41.8601],[129.9008,41.9078],[129.9145,41.9146],[129.9405,41.9078],[129.9466,41.8976],[129.9572,41.8953],[129.9648,41.9021],[129.9755,41.9453],[129.9862,41.9589],[130.0045,41.9646],[129.9831,41.985],[130.0045,41.994],[130.0045,42.0145],[130.0151,42.0179],[130.0304,41.9952],[130.0365,41.9986],[130.0471,42.0394],[130.0548,42.0541],[130.07,42.0541],[130.0761,42.0813],[130.0944,42.0938],[130.1233,42.0938],[130.1523,42.0779],[130.1706,42.0802],[130.163,42.0881],[130.1767,42.1017],[130.1874,42.1074],[130.2026,42.1051],[130.2026,42.1764],[130.2316,42.1866],[130.2956,42.2408],[130.3108,42.2408],[130.3169,42.2216],[130.3108,42.1866],[130.3322,42.1945],[130.3352,42.2171],[130.3535,42.2205],[130.3718,42.2352],[130.3611,42.2476],[130.3672,42.2589],[130.3794,42.2611],[130.4038,42.2453],[130.4068,42.2645],[130.3931,42.2679],[130.3855,42.295],[130.4068,42.3119],[130.4068,42.3289],[130.4221,42.3289],[130.4404,42.3131],[130.4587,42.3153],[130.4724,42.3255],[130.4693,42.339],[130.483,42.3435],[130.512,42.3401],[130.541,42.3221],[130.5699,42.3187],[130.5989,42.3018],[130.5989,42.2657],[130.7025,42.2984],[130.6629,42.3255],[130.6598,42.3875],[130.6492,42.4044],[130.5882,42.4359],[130.576,42.4495],[130.5257,42.553],[130.5196,42.6035],[130.5044,42.6136],[130.4861,42.6136],[130.4693,42.6035],[130.4587,42.5889],[130.4724,42.5732],[130.4693,42.5586],[130.4541,42.553],[130.4327,42.5653],[130.4297,42.6035],[130.4221,42.6091],[130.3931,42.6103],[130.3245,42.654],[130.3169,42.6709],[130.2636,42.7124],[130.2453,42.7471],[130.2559,42.8703],[130.2422,42.906],[130.195,42.9128],[130.1416,42.9116],[130.102,42.925],[130.131,42.9641],[130.134,42.9775],[130.1233,42.9854],[130.0471,42.9653],[129.9968,42.9653],[129.9725,42.9775],[129.9359,43.0121],[129.9222,43.0144],[129.8825,43.001],[129.8856,42.992],[129.9069,42.9809],[129.8642,42.9742],[129.8536,42.9653],[129.8505,42.9317],[129.7987,42.8401],[129.7926,42.7964],[129.7637,42.7505],[129.756,42.7258],[129.7606,42.7068],[129.788,42.6877],[129.788,42.681],[129.7743,42.6664],[129.7774,42.6507],[129.753,42.6462],[129.7423,42.6327],[129.7484,42.6192],[129.7637,42.6159],[129.7637,42.6103],[129.7377,42.5889],[129.7316,42.4787],[129.7057,42.4461],[129.6737,42.4416],[129.5945,42.4517],[129.5914,42.4145],[129.5655,42.4078],[129.5549,42.3807],[129.5366,42.374],[129.5183,42.3943],[129.4893,42.4055],[129.436,42.445],[129.3887,42.4314],[129.3643,42.4483],[129.343,42.4483],[129.3537,42.4247],[129.3384,42.4179],[129.3278,42.4292],[129.3171,42.4258],[129.3064,42.392],[129.2455,42.383],[129.2302,42.3627],[129.2302,42.3537],[129.2455,42.3424],[129.2378,42.3266],[129.1952,42.3221],[129.1952,42.3153],[129.2302,42.3018],[129.2195,42.295],[129.2134,42.2713],[129.1845,42.2577],[129.1875,42.2385],[129.2134,42.2385],[129.2134,42.2239],[129.1235,42.1526],[129.09,42.1458],[129.0656,42.1572],[129.0656,42.139],[129.029,42.1051],[128.965,42.0915],[128.9437,42.0394],[128.9071,42.0292],[128.8202,42.0473],[128.7242,42.0507],[128.712,42.0349],[128.6846,42.0292],[128.6114,42.0349],[128.5901,42.0247],[128.5764,42.0077],[128.5657,42.0043],[128.5474,42.0111],[128.5047,41.9986],[128.4575,42.0145],[128.4102,42.0122],[128.3676,42.0292],[128.2624,42.036],[128.1039,42.002],[128.0368,41.9975],[128.0216,41.968],[128.0505,41.8669],[128.0612,41.8533],[128.0932,41.8453],[128.1481,41.7577],[128.1618,41.7144],[128.2517,41.6632],[128.2853,41.6255],[128.2853,41.6084],[128.3066,41.5867],[128.2914,41.5479],[128.1877,41.4073],[128.1481,41.3787],[128.1085,41.3821],[128.1222,41.3959],[128.1085,41.4027],[128.0902,41.3924],[128.0688,41.3924],[128.0505,41.4027],[128.0536,41.4245],[128.0185,41.4165],[128.014,41.4634],[128.0033,41.4736],[127.9789,41.4531],[127.9469,41.4736],[127.9073,41.4702],[127.8844,41.4634],[127.8676,41.4416],[127.8524,41.4348],[127.8311,41.4359],[127.8128,41.4462],[127.7884,41.4393],[127.6939,41.4416],[127.6619,41.4496],[127.6406,41.4325],[127.6009,41.4531],[127.5613,41.4611],[127.5476,41.4714],[127.5476,41.4931],[127.5293,41.4874],[127.479,41.5022],[127.4317,41.4874],[127.4058,41.4874],[127.3814,41.5022],[127.3494,41.4931],[127.3098,41.4965],[127.2732,41.5091],[127.2915,41.5228],[127.2839,41.5342],[127.2489,41.5308],[127.2092,41.5491],[127.1833,41.5205],[127.1589,41.5342],[127.1361,41.5262],[127.133,41.5342],[127.1086,41.5411],[127.1223,41.5593],[127.1406,41.573],[127.1833,41.5879],[127.1696,41.5982],[127.101,41.6153],[127.1086,41.629],[127.0614,41.6461],[127.0538,41.6814],[127.0797,41.6848],[127.0461,41.7349],[127.0355,41.7349],[126.9852,41.7668],[126.9501,41.7691],[126.9425,41.7759],[126.9425,41.7975],[126.9318,41.8044],[126.8922,41.7873],[126.8663,41.7509],[126.813,41.7338],[126.7916,41.6996],[126.7306,41.7406],[126.7017,41.7441],[126.6834,41.7384],[126.691,41.727],[126.7306,41.7053],[126.6834,41.6746],[126.6224,41.6689],[126.5721,41.6175],[126.5859,41.5776],[126.5615,41.5376],[126.5462,41.4919],[126.5036,41.4382],[126.5249,41.381],[126.5249,41.3546],[126.4929,41.3466],[126.5036,41.3684],[126.4746,41.3707],[126.4456,41.3512],[126.3953,41.3065],[126.3588,41.2515],[126.313,41.2113],[126.2658,41.1458],[126.1515,41.0952],[126.1286,41.078],[126.1439,41.0596],[126.1042,41.0251],[126.1073,41.0124],[126.0783,40.9997],[126.0753,40.9836],[126.0494,40.9479],[126.0326,40.9375],[125.996,40.9306],[125.9854,40.9156],[126.0143,40.9156],[126.0097,40.9018],[125.9671,40.8937],[125.9381,40.8798],[125.9061,40.9018],[125.8878,40.9006],[125.8268,40.8718],[125.7659,40.8891],[125.7506,40.8706],[125.7125,40.8637],[125.6866,40.8498],[125.647,40.8129],[125.6866,40.7725],[125.6729,40.7655],[125.615,40.7632],[125.6043,40.7759],[125.5754,40.7875],[125.5647,40.7806],[125.5495,40.7285],[125.4809,40.7216],[125.4595,40.6961],[125.4565,40.6753],[125.4245,40.6695],[125.4169,40.6336],[125.3879,40.6371],[125.3772,40.6475],[125.3406,40.6441],[125.298,40.651],[125.2797,40.6452],[125.2614,40.6163],[125.1867,40.5966],[125.0785,40.5502],[125.0282,40.5375],[125.0206,40.5108],[125.0495,40.4725],[125.0465,40.4632],[124.9383,40.4574],[124.8987,40.4864],[124.856,40.4342],[124.8057,40.397],[124.7432,40.3737],[124.7188,40.3121],[124.6472,40.297],[124.574,40.2551],[124.5572,40.2388],[124.5527,40.2224],[124.5313,40.2166],[124.3728,40.1],[124.3942,40.0509],[124.417,40.0393],[124.5024,40.0252],[124.4704,40.0171],[124.4094,40.0299],[124.3881,40.0054],[124.3728,39.9422],[124.3378,39.927],[124.3271,39.9153],[124.3484,39.9024],[124.3667,39.8732],[124.4018,39.8685],[124.4231,39.8263],[124.4384,39.8322],[124.5679,39.8158],[124.571,39.7806],[124.5923,39.7689],[124.5893,39.7266],[124.6136,39.7161],[124.6289,39.6961],[124.6502,39.6996],[124.6502,39.6726],[124.6365,39.6656],[124.6319,39.6468],[124.6136,39.6303],[124.6213,39.6162],[124.6319,39.6127],[124.6289,39.5998],[124.6426,39.5927],[124.6533,39.615],[124.6792,39.6233],[124.7005,39.6397],[124.7219,39.6479],[124.7478,39.6468],[124.7325,39.6667],[124.7584,39.6738],[124.7615,39.6891],[124.7478,39.6926],[124.7584,39.736],[124.7432,39.763],[124.7508,39.7853],[124.7661,39.7501],[124.7767,39.7431],[124.8057,39.7419],[124.8087,39.7325],[124.8514,39.7231],[124.8849,39.7055],[124.8987,39.6938],[124.9063,39.6632],[124.9413,39.6479],[124.952,39.6656],[124.9627,39.6632],[124.9916,39.6397],[125.013,39.6362],[125.0419,39.6092],[125.0998,39.6045],[125.1212,39.5668],[125.176,39.5657],[125.1608,39.5927],[125.2294,39.5927],[125.2157,39.5739],[125.2401,39.5645],[125.2904,39.5233],[125.4489,39.5856],[125.4565,39.5727],[125.4534,39.5586],[125.4458,39.5492],[125.4169,39.5398],[125.4016,39.5033],[125.3483,39.4609],[125.3483,39.4361],[125.3879,39.442],[125.3635,39.4149],[125.3635,39.3996],[125.4641,39.3866],[125.4489,39.3677],[125.4275,39.3595],[125.4092,39.3666],[125.4245,39.3524],[125.4199,39.3229],[125.4489,39.3123],[125.3986,39.2485],[125.4169,39.2154],[125.3696,39.2225],[125.3483,39.2142],[125.3346,39.1953],[125.3483,39.1705],[125.3117,39.1669],[125.2904,39.1539],[125.298,39.1444],[125.2873,39.0911],[125.3376,39.084],[125.2766,39.0829],[125.2157,39.0034],[125.205,38.9762],[125.176,38.9406],[125.1395,38.8051],[125.1501,38.7778],[125.176,38.7647],[125.1943,38.7397],[125.2218,38.7409],[125.234,38.773],[125.2294,38.7968],[125.2446,38.7956],[125.2583,38.7849],[125.2583,38.7635],[125.2721,38.7564],[125.2477,38.729],[125.266,38.7087],[125.2843,38.704],[125.3117,38.7087],[125.301,38.723],[125.3056,38.7361],[125.3193,38.723],[125.3452,38.7195],[125.3559,38.723],[125.3589,38.7361],[125.3666,38.7361],[125.3772,38.723],[125.3909,38.7195],[125.4382,38.7373],[125.4169,38.7564],[125.4275,38.7564],[125.4412,38.7766],[125.4534,38.7778],[125.4809,38.729],[125.5312,38.723],[125.5937,38.6671],[125.6363,38.6599],[125.6607,38.6325],[125.6439,38.6277],[125.5891,38.6432],[125.5601,38.679],[125.5495,38.6802],[125.5357,38.6551],[125.5251,38.6528],[125.5098,38.6873],[125.4672,38.7087],[125.4565,38.7052],[125.4458,38.6873],[125.4016,38.6956],[125.3483,38.6885],[125.3056,38.6587],[125.2721,38.6718],[125.208,38.6528],[125.1821,38.6718],[125.1867,38.6432],[125.1821,38.6361],[125.1608,38.6325],[125.1425,38.6635],[125.1288,38.6671],[125.1212,38.6468],[125.1395,38.6265],[125.1395,38.592],[125.1318,38.58],[125.1075,38.5943],[125.0648,38.5693],[125.0419,38.592],[125.0206,38.5836],[125.0023,38.5943],[124.9886,38.592],[124.9855,38.586],[125.0023,38.5669],[124.9992,38.5371],[125.0252,38.5168],[125.0206,38.4989],[124.9779,38.4415],[124.9779,38.4642],[124.952,38.4523],[124.8849,38.3458],[124.8727,38.2836],[124.8773,38.2572],[124.92,38.2297],[124.9703,38.2357],[124.9962,38.2273],[124.923,38.1901],[124.8849,38.2309],[124.859,38.2273],[124.827,38.1865],[124.7828,38.1805],[124.7691,38.1565],[124.7508,38.1481],[124.7005,38.1457],[124.6792,38.1373],[124.6716,38.1265],[124.6822,38.1157],[124.7981,38.0989],[124.8453,38.1025],[124.8697,38.1073],[124.891,38.1325],[124.9093,38.1265],[124.9413,38.0989],[125.0175,38.0641],[125.1425,38.0989],[125.2111,38.0833],[125.269,38.0785],[125.2766,38.0641],[125.2583,38.0544],[125.2507,38.0208],[125.2294,38.0232],[125.2187,38.046],[125.205,38.0496],[125.1212,38.0436],[125.1105,38.0352],[125.1212,38.0004],[125.1471,37.9835],[125.1715,37.9823],[125.1821,37.9895],[125.1898,37.9811],[125.1684,37.9643],[125.1395,37.9607],[125.0785,37.9811],[124.9962,37.9534],[124.9855,37.927],[125.0175,37.9402],[125.0099,37.9197],[125.0175,37.9065],[125.0678,37.8957],[125.0922,37.8788],[125.1791,37.868],[125.2111,37.8812],[125.2446,37.9306],[125.266,37.933],[125.2614,37.9149],[125.3056,37.8957],[125.3117,37.8788],[125.298,37.8607],[125.2553,37.839],[125.2446,37.8234],[125.3056,37.8234],[125.3117,37.8101],[125.33,37.8137],[125.3803,37.8439],[125.3513,37.8656],[125.4016,37.8656],[125.4489,37.8439],[125.4489,37.8607],[125.3879,37.8933],[125.4351,37.8993],[125.4275,37.9125],[125.4489,37.9209],[125.4672,37.9041],[125.5144,37.8945],[125.5144,37.8848],[125.4809,37.8571],[125.5037,37.8402],[125.5312,37.8439],[125.5281,37.8186],[125.5098,37.8137],[125.4595,37.8234],[125.4382,37.8198],[125.3955,37.7969],[125.3803,37.7824],[125.3986,37.7764],[125.4351,37.7812],[125.4489,37.7739],[125.3955,37.7546],[125.3666,37.7607],[125.3513,37.739],[125.3376,37.687],[125.3513,37.6762],[125.3666,37.6798],[125.3879,37.7172],[125.4412,37.7208],[125.4778,37.7317],[125.5068,37.78],[125.5312,37.7969],[125.5251,37.7812],[125.5312,37.7727],[125.554,37.7715],[125.5571,37.7824],[125.5754,37.7884],[125.586,37.7824],[125.5784,37.7739],[125.5967,37.7643],[125.6257,37.7655],[125.615,37.8065],[125.6439,37.8137],[125.647,37.8234],[125.6257,37.8366],[125.6439,37.8571],[125.6333,37.9029],[125.6363,37.927],[125.6729,37.8993],[125.6897,37.8993],[125.7186,37.9077],[125.7445,37.927],[125.7369,37.933],[125.7003,37.927],[125.7232,37.9534],[125.7049,37.9583],[125.6836,37.9534],[125.6897,37.9727],[125.679,37.9787],[125.6439,37.9739],[125.5997,37.9919],[125.583,38.01],[125.583,38.0268],[125.5997,38.0328],[125.6257,38.0328],[125.6897,38.0124],[125.7583,38.0064],[125.8025,37.9943],[125.8086,37.9522],[125.8375,37.9438],[125.8985,37.8656],[125.9244,37.8451],[125.9488,37.8439],[125.9884,37.8234],[125.9777,37.874],[125.9533,37.8896],[125.9488,37.9029],[125.964,37.9125],[126.0036,37.886],[126.0174,37.8559],[126.028,37.8535],[126.0616,37.8704],[126.0677,37.8029],[126.089,37.8017],[126.1034,37.7675]]]}},{"type":"Feature","properties":{"id":"front-jun51","beat":"jun51","kind":"front","date":"Mid-June 1951","line":"Kansas–Wyoming"},"geometry":{"type":"Polygon","coordinates":[[[126.1018,37.7852],[126.1126,37.7858],[126.147,37.7877],[126.1815,37.7896],[126.2159,37.7915],[126.2504,37.7934],[126.2849,37.7953],[126.3193,37.7972],[126.3538,37.7991],[126.3882,37.801],[126.4227,37.8029],[126.4571,37.8048],[126.4916,37.8067],[126.5261,37.8086],[126.5605,37.8105],[126.595,37.8124],[126.6294,37.8142],[126.6639,37.8161],[126.6911,37.8167],[126.7089,37.8311],[126.7321,37.8505],[126.7558,37.8703],[126.7796,37.8901],[126.8033,37.9099],[126.8271,37.9296],[126.8508,37.9494],[126.8745,37.9692],[126.8983,37.989],[126.922,38.0088],[126.9458,38.0285],[126.9693,38.0481],[126.9918,38.0677],[127.0127,38.0886],[127.034,38.11],[127.0554,38.1313],[127.0768,38.1527],[127.0981,38.174],[127.1195,38.1953],[127.1409,38.2167],[127.1622,38.238],[127.1836,38.2593],[127.2049,38.2806],[127.2301,38.3049],[127.2685,38.3177],[127.3072,38.318],[127.3418,38.318],[127.3763,38.318],[127.4109,38.318],[127.4454,38.318],[127.48,38.318],[127.5145,38.318],[127.551,38.318],[127.5873,38.3129],[127.6214,38.3073],[127.6552,38.3017],[127.689,38.2962],[127.7228,38.2906],[127.7566,38.285],[127.7904,38.2795],[127.8241,38.2739],[127.8533,38.269],[127.8826,38.2742],[127.9164,38.2797],[127.9502,38.2853],[127.9841,38.2908],[128.0179,38.2963],[128.0517,38.3019],[128.0855,38.3074],[128.1196,38.313],[128.1559,38.318],[128.1924,38.318],[128.2269,38.318],[128.2614,38.318],[128.296,38.318],[128.3305,38.318],[128.3651,38.318],[128.4017,38.318],[128.4379,38.3126],[128.4719,38.3071],[128.5057,38.3015],[128.5395,38.296],[128.5733,38.2905],[128.6071,38.2849],[128.5696,38.255],[128.5788,38.2896],[128.598,38.2504],[128.5641,38.2559],[128.5303,38.2614],[128.4965,38.267],[128.4627,38.2725],[128.4291,38.278],[128.3975,38.2828],[128.3651,38.2828],[128.3305,38.2828],[128.296,38.2828],[128.2614,38.2828],[128.2269,38.2828],[128.1924,38.2828],[128.1598,38.2828],[128.1282,38.2784],[128.0947,38.2729],[128.0609,38.2673],[128.0271,38.2618],[127.9932,38.2562],[127.9594,38.2507],[127.9256,38.2452],[127.8918,38.2396],[127.8535,38.2337],[127.8151,38.2393],[127.7812,38.2449],[127.7474,38.2505],[127.7136,38.256],[127.6797,38.2616],[127.6459,38.2672],[127.6121,38.2727],[127.5786,38.2783],[127.547,38.2828],[127.5145,38.2828],[127.48,38.2828],[127.4454,38.2828],[127.4109,38.2828],[127.3763,38.2828],[127.3418,38.2828],[127.3072,38.2828],[127.2769,38.2831],[127.2578,38.2771],[127.2403,38.2588],[127.2189,38.2375],[127.1976,38.2161],[127.1762,38.1948],[127.1548,38.1735],[127.1335,38.1521],[127.1121,38.1308],[127.0907,38.1094],[127.0694,38.0881],[127.048,38.0667],[127.0262,38.0449],[127.0024,38.0241],[126.9784,38.0042],[126.9547,37.9844],[126.931,37.9646],[126.9072,37.9448],[126.8835,37.9251],[126.8597,37.9053],[126.836,37.8855],[126.8122,37.8657],[126.7885,37.8459],[126.7648,37.826],[126.7405,37.8058],[126.7088,37.784],[126.667,37.7807],[126.6326,37.7788],[126.5981,37.7769],[126.5636,37.775],[126.5292,37.7731],[126.4947,37.7712],[126.4603,37.7693],[126.4258,37.7674],[126.3914,37.7655],[126.3569,37.7636],[126.3224,37.7617],[126.288,37.7598],[126.2535,37.7579],[126.2191,37.756],[126.1846,37.7541],[126.1501,37.7522],[126.1157,37.7503],[126.105,37.7498],[126.1018,37.7852]]]}},{"type":"Feature","properties":{"id":"held-stalemate","beat":"stalemate","kind":"held","date":"Jul 1951 – Jun 1953","line":"Same, ±5 km","held_by_north_pct":56,"computed_share_pct":57},"geometry":{"type":"Polygon","coordinates":[[[126.1034,37.7675],[126.119,37.7683],[126.154,37.7703],[126.189,37.7722],[126.224,37.7741],[126.259,37.7761],[126.294,37.778],[126.329,37.7799],[126.364,37.7818],[126.399,37.7838],[126.434,37.7857],[126.469,37.7876],[126.504,37.7895],[126.539,37.7915],[126.574,37.7934],[126.609,37.7953],[126.644,37.7972],[126.679,37.7992],[126.7099,37.8072],[126.7316,37.829],[126.7533,37.8508],[126.775,37.8725],[126.7967,37.8943],[126.8184,37.916],[126.8401,37.9378],[126.8618,37.9595],[126.8835,37.9812],[126.9052,38.003],[126.9269,38.0247],[126.9486,38.0464],[126.9703,38.0681],[126.992,38.0898],[127.0151,38.1105],[127.0397,38.1302],[127.0644,38.1498],[127.089,38.1695],[127.1136,38.1891],[127.1383,38.2087],[127.1629,38.2284],[127.1875,38.248],[127.2122,38.2676],[127.2368,38.2872],[127.2649,38.3004],[127.3,38.3004],[127.335,38.3004],[127.3701,38.3004],[127.4052,38.3004],[127.4403,38.3004],[127.4754,38.3004],[127.5105,38.3004],[127.5456,38.3004],[127.5806,38.3004],[127.6157,38.3004],[127.6508,38.3004],[127.6859,38.3004],[127.721,38.3004],[127.7561,38.3004],[127.7911,38.3004],[127.8262,38.3004],[127.861,38.3021],[127.895,38.309],[127.929,38.3158],[127.963,38.3226],[127.997,38.3294],[128.031,38.3363],[128.065,38.3431],[128.0989,38.3499],[128.1329,38.3567],[128.1669,38.3636],[128.2009,38.3704],[128.2349,38.3773],[128.2689,38.3841],[128.3028,38.3909],[128.3368,38.3978],[128.3674,38.41],[128.3953,38.4268],[128.4231,38.4435],[128.4509,38.4603],[128.4787,38.477],[128.4595,38.4655],[128.4422,38.506],[128.3676,38.6265],[128.363,38.6802],[128.3493,38.6968],[128.3249,38.7123],[128.2853,38.7564],[128.2121,38.729],[128.0932,38.8444],[128.0185,38.8598],[127.9637,38.918],[127.9286,38.9358],[127.9179,38.9655],[127.9103,38.969],[127.892,38.9619],[127.889,38.9762],[127.8524,39.0034],[127.828,39.0449],[127.7625,39.1184],[127.6649,39.1231],[127.6482,39.1397],[127.6116,39.1539],[127.5354,39.148],[127.514,39.1586],[127.4927,39.1953],[127.4744,39.1953],[127.4744,39.1705],[127.4577,39.1669],[127.3952,39.2036],[127.3738,39.2414],[127.4028,39.3253],[127.3952,39.343],[127.418,39.343],[127.4287,39.3323],[127.4714,39.3406],[127.4744,39.3489],[127.4714,39.3666],[127.4577,39.3701],[127.4287,39.3595],[127.3921,39.3677],[127.3814,39.3795],[127.4287,39.3937],[127.4714,39.4326],[127.4973,39.4361],[127.511,39.4102],[127.5476,39.3725],[127.5293,39.3465],[127.5247,39.317],[127.5476,39.304],[127.5643,39.317],[127.5643,39.3465],[127.5217,39.5115],[127.54,39.5539],[127.5796,39.5962],[127.572,39.6197],[127.5537,39.6385],[127.514,39.6515],[127.5034,39.709],[127.5247,39.7477],[127.5537,39.763],[127.5643,39.7853],[127.5796,39.7993],[127.6116,39.8122],[127.6253,39.8322],[127.6512,39.8228],[127.6649,39.8087],[127.6832,39.8193],[127.6985,39.8497],[127.7305,39.8591],[127.7671,39.8568],[127.7945,39.8685],[127.7991,39.8779],[127.7838,39.8872],[127.8783,39.8954],[127.892,39.9633],[127.9103,39.9867],[127.9317,39.975],[127.9423,39.9762],[127.9682,40.0065],[128.0002,40.0217],[128.0109,40.0474],[128.1405,40.0288],[128.1588,40.0182],[128.1953,40.0323],[128.238,40.0323],[128.2304,40.0591],[128.238,40.0696],[128.267,40.079],[128.2853,40.0673],[128.3066,40.0358],[128.331,40.0299],[128.3416,40.0696],[128.3676,40.1],[128.4148,40.0977],[128.4392,40.1058],[128.4819,40.1373],[128.5108,40.1373],[128.5291,40.1455],[128.5474,40.1688],[128.5901,40.1886],[128.6297,40.1828],[128.6663,40.2026],[128.6693,40.2434],[128.6587,40.2597],[128.619,40.2737],[128.6221,40.2993],[128.6404,40.3156],[128.6587,40.3226],[128.6587,40.3121],[128.6739,40.3121],[128.6907,40.333],[128.7242,40.3412],[128.7562,40.3377],[128.7669,40.3482],[128.8172,40.3563],[128.8309,40.3703],[128.8644,40.3737],[128.9787,40.4632],[129.0336,40.476],[129.0793,40.4748],[129.1632,40.5676],[129.1738,40.5711],[129.1769,40.607],[129.1982,40.6406],[129.2195,40.6996],[129.2348,40.7077],[129.2744,40.7112],[129.2881,40.6857],[129.3064,40.6753],[129.3537,40.7482],[129.4283,40.784],[129.4786,40.7956],[129.5076,40.7944],[129.5335,40.8094],[129.5549,40.8129],[129.5549,40.8314],[129.5731,40.8429],[129.6661,40.8418],[129.6981,40.8487],[129.7088,40.8383],[129.721,40.8383],[129.7377,40.8741],[129.7347,40.8937],[129.756,40.9121],[129.756,40.941],[129.7667,40.9479],[129.7316,40.9813],[129.721,41.0596],[129.7316,41.0883],[129.7134,41.1251],[129.7606,41.2962],[129.7713,41.318],[129.788,41.3283],[129.8063,41.3787],[129.7987,41.389],[129.7713,41.389],[129.7606,41.3959],[129.7377,41.4245],[129.7164,41.4222],[129.6631,41.4679],[129.6554,41.4965],[129.6631,41.5296],[129.6524,41.5525],[129.6692,41.5799],[129.692,41.6529],[129.7164,41.678],[129.753,41.6996],[129.7774,41.7623],[129.814,41.7805],[129.8277,41.7805],[129.846,41.7623],[129.8536,41.7668],[129.8566,41.7839],[129.8719,41.7941],[129.8856,41.8283],[129.8856,41.8601],[129.9008,41.9078],[129.9145,41.9146],[129.9405,41.9078],[129.9466,41.8976],[129.9572,41.8953],[129.9648,41.9021],[129.9755,41.9453],[129.9862,41.9589],[130.0045,41.9646],[129.9831,41.985],[130.0045,41.994],[130.0045,42.0145],[130.0151,42.0179],[130.0304,41.9952],[130.0365,41.9986],[130.0471,42.0394],[130.0548,42.0541],[130.07,42.0541],[130.0761,42.0813],[130.0944,42.0938],[130.1233,42.0938],[130.1523,42.0779],[130.1706,42.0802],[130.163,42.0881],[130.1767,42.1017],[130.1874,42.1074],[130.2026,42.1051],[130.2026,42.1764],[130.2316,42.1866],[130.2956,42.2408],[130.3108,42.2408],[130.3169,42.2216],[130.3108,42.1866],[130.3322,42.1945],[130.3352,42.2171],[130.3535,42.2205],[130.3718,42.2352],[130.3611,42.2476],[130.3672,42.2589],[130.3794,42.2611],[130.4038,42.2453],[130.4068,42.2645],[130.3931,42.2679],[130.3855,42.295],[130.4068,42.3119],[130.4068,42.3289],[130.4221,42.3289],[130.4404,42.3131],[130.4587,42.3153],[130.4724,42.3255],[130.4693,42.339],[130.483,42.3435],[130.512,42.3401],[130.541,42.3221],[130.5699,42.3187],[130.5989,42.3018],[130.5989,42.2657],[130.7025,42.2984],[130.6629,42.3255],[130.6598,42.3875],[130.6492,42.4044],[130.5882,42.4359],[130.576,42.4495],[130.5257,42.553],[130.5196,42.6035],[130.5044,42.6136],[130.4861,42.6136],[130.4693,42.6035],[130.4587,42.5889],[130.4724,42.5732],[130.4693,42.5586],[130.4541,42.553],[130.4327,42.5653],[130.4297,42.6035],[130.4221,42.6091],[130.3931,42.6103],[130.3245,42.654],[130.3169,42.6709],[130.2636,42.7124],[130.2453,42.7471],[130.2559,42.8703],[130.2422,42.906],[130.195,42.9128],[130.1416,42.9116],[130.102,42.925],[130.131,42.9641],[130.134,42.9775],[130.1233,42.9854],[130.0471,42.9653],[129.9968,42.9653],[129.9725,42.9775],[129.9359,43.0121],[129.9222,43.0144],[129.8825,43.001],[129.8856,42.992],[129.9069,42.9809],[129.8642,42.9742],[129.8536,42.9653],[129.8505,42.9317],[129.7987,42.8401],[129.7926,42.7964],[129.7637,42.7505],[129.756,42.7258],[129.7606,42.7068],[129.788,42.6877],[129.788,42.681],[129.7743,42.6664],[129.7774,42.6507],[129.753,42.6462],[129.7423,42.6327],[129.7484,42.6192],[129.7637,42.6159],[129.7637,42.6103],[129.7377,42.5889],[129.7316,42.4787],[129.7057,42.4461],[129.6737,42.4416],[129.5945,42.4517],[129.5914,42.4145],[129.5655,42.4078],[129.5549,42.3807],[129.5366,42.374],[129.5183,42.3943],[129.4893,42.4055],[129.436,42.445],[129.3887,42.4314],[129.3643,42.4483],[129.343,42.4483],[129.3537,42.4247],[129.3384,42.4179],[129.3278,42.4292],[129.3171,42.4258],[129.3064,42.392],[129.2455,42.383],[129.2302,42.3627],[129.2302,42.3537],[129.2455,42.3424],[129.2378,42.3266],[129.1952,42.3221],[129.1952,42.3153],[129.2302,42.3018],[129.2195,42.295],[129.2134,42.2713],[129.1845,42.2577],[129.1875,42.2385],[129.2134,42.2385],[129.2134,42.2239],[129.1235,42.1526],[129.09,42.1458],[129.0656,42.1572],[129.0656,42.139],[129.029,42.1051],[128.965,42.0915],[128.9437,42.0394],[128.9071,42.0292],[128.8202,42.0473],[128.7242,42.0507],[128.712,42.0349],[128.6846,42.0292],[128.6114,42.0349],[128.5901,42.0247],[128.5764,42.0077],[128.5657,42.0043],[128.5474,42.0111],[128.5047,41.9986],[128.4575,42.0145],[128.4102,42.0122],[128.3676,42.0292],[128.2624,42.036],[128.1039,42.002],[128.0368,41.9975],[128.0216,41.968],[128.0505,41.8669],[128.0612,41.8533],[128.0932,41.8453],[128.1481,41.7577],[128.1618,41.7144],[128.2517,41.6632],[128.2853,41.6255],[128.2853,41.6084],[128.3066,41.5867],[128.2914,41.5479],[128.1877,41.4073],[128.1481,41.3787],[128.1085,41.3821],[128.1222,41.3959],[128.1085,41.4027],[128.0902,41.3924],[128.0688,41.3924],[128.0505,41.4027],[128.0536,41.4245],[128.0185,41.4165],[128.014,41.4634],[128.0033,41.4736],[127.9789,41.4531],[127.9469,41.4736],[127.9073,41.4702],[127.8844,41.4634],[127.8676,41.4416],[127.8524,41.4348],[127.8311,41.4359],[127.8128,41.4462],[127.7884,41.4393],[127.6939,41.4416],[127.6619,41.4496],[127.6406,41.4325],[127.6009,41.4531],[127.5613,41.4611],[127.5476,41.4714],[127.5476,41.4931],[127.5293,41.4874],[127.479,41.5022],[127.4317,41.4874],[127.4058,41.4874],[127.3814,41.5022],[127.3494,41.4931],[127.3098,41.4965],[127.2732,41.5091],[127.2915,41.5228],[127.2839,41.5342],[127.2489,41.5308],[127.2092,41.5491],[127.1833,41.5205],[127.1589,41.5342],[127.1361,41.5262],[127.133,41.5342],[127.1086,41.5411],[127.1223,41.5593],[127.1406,41.573],[127.1833,41.5879],[127.1696,41.5982],[127.101,41.6153],[127.1086,41.629],[127.0614,41.6461],[127.0538,41.6814],[127.0797,41.6848],[127.0461,41.7349],[127.0355,41.7349],[126.9852,41.7668],[126.9501,41.7691],[126.9425,41.7759],[126.9425,41.7975],[126.9318,41.8044],[126.8922,41.7873],[126.8663,41.7509],[126.813,41.7338],[126.7916,41.6996],[126.7306,41.7406],[126.7017,41.7441],[126.6834,41.7384],[126.691,41.727],[126.7306,41.7053],[126.6834,41.6746],[126.6224,41.6689],[126.5721,41.6175],[126.5859,41.5776],[126.5615,41.5376],[126.5462,41.4919],[126.5036,41.4382],[126.5249,41.381],[126.5249,41.3546],[126.4929,41.3466],[126.5036,41.3684],[126.4746,41.3707],[126.4456,41.3512],[126.3953,41.3065],[126.3588,41.2515],[126.313,41.2113],[126.2658,41.1458],[126.1515,41.0952],[126.1286,41.078],[126.1439,41.0596],[126.1042,41.0251],[126.1073,41.0124],[126.0783,40.9997],[126.0753,40.9836],[126.0494,40.9479],[126.0326,40.9375],[125.996,40.9306],[125.9854,40.9156],[126.0143,40.9156],[126.0097,40.9018],[125.9671,40.8937],[125.9381,40.8798],[125.9061,40.9018],[125.8878,40.9006],[125.8268,40.8718],[125.7659,40.8891],[125.7506,40.8706],[125.7125,40.8637],[125.6866,40.8498],[125.647,40.8129],[125.6866,40.7725],[125.6729,40.7655],[125.615,40.7632],[125.6043,40.7759],[125.5754,40.7875],[125.5647,40.7806],[125.5495,40.7285],[125.4809,40.7216],[125.4595,40.6961],[125.4565,40.6753],[125.4245,40.6695],[125.4169,40.6336],[125.3879,40.6371],[125.3772,40.6475],[125.3406,40.6441],[125.298,40.651],[125.2797,40.6452],[125.2614,40.6163],[125.1867,40.5966],[125.0785,40.5502],[125.0282,40.5375],[125.0206,40.5108],[125.0495,40.4725],[125.0465,40.4632],[124.9383,40.4574],[124.8987,40.4864],[124.856,40.4342],[124.8057,40.397],[124.7432,40.3737],[124.7188,40.3121],[124.6472,40.297],[124.574,40.2551],[124.5572,40.2388],[124.5527,40.2224],[124.5313,40.2166],[124.3728,40.1],[124.3942,40.0509],[124.417,40.0393],[124.5024,40.0252],[124.4704,40.0171],[124.4094,40.0299],[124.3881,40.0054],[124.3728,39.9422],[124.3378,39.927],[124.3271,39.9153],[124.3484,39.9024],[124.3667,39.8732],[124.4018,39.8685],[124.4231,39.8263],[124.4384,39.8322],[124.5679,39.8158],[124.571,39.7806],[124.5923,39.7689],[124.5893,39.7266],[124.6136,39.7161],[124.6289,39.6961],[124.6502,39.6996],[124.6502,39.6726],[124.6365,39.6656],[124.6319,39.6468],[124.6136,39.6303],[124.6213,39.6162],[124.6319,39.6127],[124.6289,39.5998],[124.6426,39.5927],[124.6533,39.615],[124.6792,39.6233],[124.7005,39.6397],[124.7219,39.6479],[124.7478,39.6468],[124.7325,39.6667],[124.7584,39.6738],[124.7615,39.6891],[124.7478,39.6926],[124.7584,39.736],[124.7432,39.763],[124.7508,39.7853],[124.7661,39.7501],[124.7767,39.7431],[124.8057,39.7419],[124.8087,39.7325],[124.8514,39.7231],[124.8849,39.7055],[124.8987,39.6938],[124.9063,39.6632],[124.9413,39.6479],[124.952,39.6656],[124.9627,39.6632],[124.9916,39.6397],[125.013,39.6362],[125.0419,39.6092],[125.0998,39.6045],[125.1212,39.5668],[125.176,39.5657],[125.1608,39.5927],[125.2294,39.5927],[125.2157,39.5739],[125.2401,39.5645],[125.2904,39.5233],[125.4489,39.5856],[125.4565,39.5727],[125.4534,39.5586],[125.4458,39.5492],[125.4169,39.5398],[125.4016,39.5033],[125.3483,39.4609],[125.3483,39.4361],[125.3879,39.442],[125.3635,39.4149],[125.3635,39.3996],[125.4641,39.3866],[125.4489,39.3677],[125.4275,39.3595],[125.4092,39.3666],[125.4245,39.3524],[125.4199,39.3229],[125.4489,39.3123],[125.3986,39.2485],[125.4169,39.2154],[125.3696,39.2225],[125.3483,39.2142],[125.3346,39.1953],[125.3483,39.1705],[125.3117,39.1669],[125.2904,39.1539],[125.298,39.1444],[125.2873,39.0911],[125.3376,39.084],[125.2766,39.0829],[125.2157,39.0034],[125.205,38.9762],[125.176,38.9406],[125.1395,38.8051],[125.1501,38.7778],[125.176,38.7647],[125.1943,38.7397],[125.2218,38.7409],[125.234,38.773],[125.2294,38.7968],[125.2446,38.7956],[125.2583,38.7849],[125.2583,38.7635],[125.2721,38.7564],[125.2477,38.729],[125.266,38.7087],[125.2843,38.704],[125.3117,38.7087],[125.301,38.723],[125.3056,38.7361],[125.3193,38.723],[125.3452,38.7195],[125.3559,38.723],[125.3589,38.7361],[125.3666,38.7361],[125.3772,38.723],[125.3909,38.7195],[125.4382,38.7373],[125.4169,38.7564],[125.4275,38.7564],[125.4412,38.7766],[125.4534,38.7778],[125.4809,38.729],[125.5312,38.723],[125.5937,38.6671],[125.6363,38.6599],[125.6607,38.6325],[125.6439,38.6277],[125.5891,38.6432],[125.5601,38.679],[125.5495,38.6802],[125.5357,38.6551],[125.5251,38.6528],[125.5098,38.6873],[125.4672,38.7087],[125.4565,38.7052],[125.4458,38.6873],[125.4016,38.6956],[125.3483,38.6885],[125.3056,38.6587],[125.2721,38.6718],[125.208,38.6528],[125.1821,38.6718],[125.1867,38.6432],[125.1821,38.6361],[125.1608,38.6325],[125.1425,38.6635],[125.1288,38.6671],[125.1212,38.6468],[125.1395,38.6265],[125.1395,38.592],[125.1318,38.58],[125.1075,38.5943],[125.0648,38.5693],[125.0419,38.592],[125.0206,38.5836],[125.0023,38.5943],[124.9886,38.592],[124.9855,38.586],[125.0023,38.5669],[124.9992,38.5371],[125.0252,38.5168],[125.0206,38.4989],[124.9779,38.4415],[124.9779,38.4642],[124.952,38.4523],[124.8849,38.3458],[124.8727,38.2836],[124.8773,38.2572],[124.92,38.2297],[124.9703,38.2357],[124.9962,38.2273],[124.923,38.1901],[124.8849,38.2309],[124.859,38.2273],[124.827,38.1865],[124.7828,38.1805],[124.7691,38.1565],[124.7508,38.1481],[124.7005,38.1457],[124.6792,38.1373],[124.6716,38.1265],[124.6822,38.1157],[124.7981,38.0989],[124.8453,38.1025],[124.8697,38.1073],[124.891,38.1325],[124.9093,38.1265],[124.9413,38.0989],[125.0175,38.0641],[125.1425,38.0989],[125.2111,38.0833],[125.269,38.0785],[125.2766,38.0641],[125.2583,38.0544],[125.2507,38.0208],[125.2294,38.0232],[125.2187,38.046],[125.205,38.0496],[125.1212,38.0436],[125.1105,38.0352],[125.1212,38.0004],[125.1471,37.9835],[125.1715,37.9823],[125.1821,37.9895],[125.1898,37.9811],[125.1684,37.9643],[125.1395,37.9607],[125.0785,37.9811],[124.9962,37.9534],[124.9855,37.927],[125.0175,37.9402],[125.0099,37.9197],[125.0175,37.9065],[125.0678,37.8957],[125.0922,37.8788],[125.1791,37.868],[125.2111,37.8812],[125.2446,37.9306],[125.266,37.933],[125.2614,37.9149],[125.3056,37.8957],[125.3117,37.8788],[125.298,37.8607],[125.2553,37.839],[125.2446,37.8234],[125.3056,37.8234],[125.3117,37.8101],[125.33,37.8137],[125.3803,37.8439],[125.3513,37.8656],[125.4016,37.8656],[125.4489,37.8439],[125.4489,37.8607],[125.3879,37.8933],[125.4351,37.8993],[125.4275,37.9125],[125.4489,37.9209],[125.4672,37.9041],[125.5144,37.8945],[125.5144,37.8848],[125.4809,37.8571],[125.5037,37.8402],[125.5312,37.8439],[125.5281,37.8186],[125.5098,37.8137],[125.4595,37.8234],[125.4382,37.8198],[125.3955,37.7969],[125.3803,37.7824],[125.3986,37.7764],[125.4351,37.7812],[125.4489,37.7739],[125.3955,37.7546],[125.3666,37.7607],[125.3513,37.739],[125.3376,37.687],[125.3513,37.6762],[125.3666,37.6798],[125.3879,37.7172],[125.4412,37.7208],[125.4778,37.7317],[125.5068,37.78],[125.5312,37.7969],[125.5251,37.7812],[125.5312,37.7727],[125.554,37.7715],[125.5571,37.7824],[125.5754,37.7884],[125.586,37.7824],[125.5784,37.7739],[125.5967,37.7643],[125.6257,37.7655],[125.615,37.8065],[125.6439,37.8137],[125.647,37.8234],[125.6257,37.8366],[125.6439,37.8571],[125.6333,37.9029],[125.6363,37.927],[125.6729,37.8993],[125.6897,37.8993],[125.7186,37.9077],[125.7445,37.927],[125.7369,37.933],[125.7003,37.927],[125.7232,37.9534],[125.7049,37.9583],[125.6836,37.9534],[125.6897,37.9727],[125.679,37.9787],[125.6439,37.9739],[125.5997,37.9919],[125.583,38.01],[125.583,38.0268],[125.5997,38.0328],[125.6257,38.0328],[125.6897,38.0124],[125.7583,38.0064],[125.8025,37.9943],[125.8086,37.9522],[125.8375,37.9438],[125.8985,37.8656],[125.9244,37.8451],[125.9488,37.8439],[125.9884,37.8234],[125.9777,37.874],[125.9533,37.8896],[125.9488,37.9029],[125.964,37.9125],[126.0036,37.886],[126.0174,37.8559],[126.028,37.8535],[126.0616,37.8704],[126.0677,37.8029],[126.089,37.8017],[126.1034,37.7675]]]}},{"type":"Feature","properties":{"id":"front-stalemate","beat":"stalemate","kind":"front","date":"Jul 1951 – Jun 1953","line":"Same, ±5 km"},"geometry":{"type":"Polygon","coordinates":[[[126.1018,37.7852],[126.1174,37.7861],[126.1524,37.788],[126.1874,37.7899],[126.2224,37.7919],[126.2574,37.7938],[126.2924,37.7957],[126.3274,37.7976],[126.3624,37.7996],[126.3974,37.8015],[126.4324,37.8034],[126.4674,37.8053],[126.5024,37.8073],[126.5374,37.8092],[126.5724,37.8111],[126.6074,37.813],[126.6424,37.815],[126.6748,37.8166],[126.6968,37.8216],[126.7139,37.84],[126.7356,37.8617],[126.7573,37.8835],[126.779,37.9053],[126.8007,37.927],[126.8224,37.9487],[126.8441,37.9705],[126.8658,37.9922],[126.8875,38.0139],[126.9092,38.0356],[126.9309,38.0574],[126.9526,38.0791],[126.9747,38.1011],[126.9986,38.1226],[127.0237,38.1426],[127.0484,38.1623],[127.073,38.1819],[127.0976,38.2015],[127.1223,38.2211],[127.1469,38.2408],[127.1715,38.2604],[127.1962,38.28],[127.2229,38.301],[127.2591,38.3174],[127.3,38.318],[127.335,38.318],[127.3701,38.318],[127.4052,38.318],[127.4403,38.318],[127.4754,38.318],[127.5105,38.318],[127.5456,38.318],[127.5806,38.318],[127.6157,38.318],[127.6508,38.318],[127.6859,38.318],[127.721,38.318],[127.7561,38.318],[127.7911,38.318],[127.8255,38.318],[127.8575,38.3196],[127.8894,38.326],[127.9234,38.3329],[127.9574,38.3397],[127.9914,38.3465],[128.0254,38.3533],[128.0594,38.3602],[128.0934,38.367],[128.1273,38.3738],[128.1613,38.3807],[128.1953,38.3875],[128.2293,38.3943],[128.2633,38.4012],[128.2973,38.408],[128.3289,38.4143],[128.3554,38.4249],[128.3816,38.4407],[128.4094,38.4575],[128.4372,38.4742],[128.465,38.491],[128.4732,38.4515],[128.4458,38.4794],[128.4924,38.4631],[128.4646,38.4463],[128.4368,38.4296],[128.409,38.4128],[128.3795,38.3951],[128.3448,38.3813],[128.3084,38.3739],[128.2745,38.367],[128.2405,38.3602],[128.2065,38.3534],[128.1725,38.3465],[128.1385,38.3397],[128.1045,38.3328],[128.0705,38.326],[128.0365,38.3192],[128.0026,38.3123],[127.9686,38.3055],[127.9346,38.2987],[127.9006,38.2919],[127.8646,38.2847],[127.8269,38.2828],[127.7911,38.2828],[127.7561,38.2828],[127.721,38.2828],[127.6859,38.2828],[127.6508,38.2828],[127.6157,38.2828],[127.5806,38.2828],[127.5456,38.2828],[127.5105,38.2828],[127.4754,38.2828],[127.4403,38.2828],[127.4052,38.2828],[127.3701,38.2828],[127.335,38.2828],[127.3,38.2828],[127.2707,38.2833],[127.2508,38.2734],[127.2282,38.2552],[127.2036,38.2356],[127.1789,38.216],[127.1543,38.1963],[127.1296,38.1767],[127.105,38.1571],[127.0804,38.1374],[127.0557,38.1178],[127.0316,38.0985],[127.0093,38.0785],[126.988,38.0572],[126.9663,38.0355],[126.9446,38.0137],[126.9229,37.992],[126.9012,37.9703],[126.8795,37.9485],[126.8578,37.9268],[126.8361,37.9051],[126.8144,37.8833],[126.7927,37.8615],[126.771,37.8398],[126.7493,37.818],[126.723,37.7928],[126.6832,37.7817],[126.6455,37.7795],[126.6105,37.7776],[126.5755,37.7757],[126.5405,37.7737],[126.5055,37.7718],[126.4706,37.7699],[126.4356,37.768],[126.4006,37.766],[126.3656,37.7641],[126.3306,37.7622],[126.2956,37.7602],[126.2606,37.7583],[126.2256,37.7564],[126.1906,37.7545],[126.1556,37.7525],[126.1206,37.7506],[126.105,37.7498],[126.1018,37.7852]]]}},{"type":"Feature","properties":{"id":"held-armistice","beat":"armistice","kind":"held","date":"27 Jul 1953","line":"Military Demarcation Line","held_by_north_pct":56,"computed_share_pct":57},"geometry":{"type":"Polygon","coordinates":[[[126.1034,37.7675],[126.1205,37.7684],[126.1557,37.7704],[126.1908,37.7723],[126.226,37.7742],[126.2612,37.7762],[126.2963,37.7781],[126.3315,37.78],[126.3667,37.782],[126.4019,37.7839],[126.437,37.7859],[126.4722,37.7878],[126.5074,37.7897],[126.5425,37.7917],[126.5777,37.7936],[126.6129,37.7955],[126.648,37.7975],[126.6832,37.7994],[126.7126,37.8099],[126.7344,37.8318],[126.7562,37.8537],[126.778,37.8756],[126.7998,37.8974],[126.8216,37.9193],[126.8434,37.9411],[126.8652,37.963],[126.887,37.9848],[126.9089,38.0066],[126.9307,38.0285],[126.9525,38.0503],[126.9743,38.0721],[126.9961,38.0939],[127.0198,38.1143],[127.0446,38.1341],[127.0693,38.1538],[127.0941,38.1735],[127.1189,38.1933],[127.1436,38.213],[127.1684,38.2327],[127.1931,38.2524],[127.2179,38.2721],[127.2426,38.2918],[127.2733,38.3004],[127.3086,38.3004],[127.3438,38.3004],[127.3791,38.3004],[127.4143,38.3004],[127.4496,38.3004],[127.4848,38.3004],[127.5201,38.3004],[127.5553,38.3004],[127.5906,38.3004],[127.6258,38.3004],[127.6611,38.3004],[127.6964,38.3004],[127.7316,38.3004],[127.7669,38.3004],[127.8021,38.3004],[127.8374,38.3004],[127.8717,38.3052],[127.9052,38.3137],[127.9388,38.3221],[127.9724,38.3306],[128.0059,38.339],[128.0395,38.3474],[128.0724,38.3574],[128.1048,38.3682],[128.1372,38.3791],[128.1696,38.39],[128.202,38.4008],[128.2345,38.4117],[128.2669,38.4225],[128.2993,38.4334],[128.3317,38.4442],[128.3625,38.4572],[128.3904,38.4741],[128.4184,38.4909],[128.4463,38.5077],[128.4425,38.5054],[128.4422,38.506],[128.3676,38.6265],[128.363,38.6802],[128.3493,38.6968],[128.3249,38.7123],[128.2853,38.7564],[128.2121,38.729],[128.0932,38.8444],[128.0185,38.8598],[127.9637,38.918],[127.9286,38.9358],[127.9179,38.9655],[127.9103,38.969],[127.892,38.9619],[127.889,38.9762],[127.8524,39.0034],[127.828,39.0449],[127.7625,39.1184],[127.6649,39.1231],[127.6482,39.1397],[127.6116,39.1539],[127.5354,39.148],[127.514,39.1586],[127.4927,39.1953],[127.4744,39.1953],[127.4744,39.1705],[127.4577,39.1669],[127.3952,39.2036],[127.3738,39.2414],[127.4028,39.3253],[127.3952,39.343],[127.418,39.343],[127.4287,39.3323],[127.4714,39.3406],[127.4744,39.3489],[127.4714,39.3666],[127.4577,39.3701],[127.4287,39.3595],[127.3921,39.3677],[127.3814,39.3795],[127.4287,39.3937],[127.4714,39.4326],[127.4973,39.4361],[127.511,39.4102],[127.5476,39.3725],[127.5293,39.3465],[127.5247,39.317],[127.5476,39.304],[127.5643,39.317],[127.5643,39.3465],[127.5217,39.5115],[127.54,39.5539],[127.5796,39.5962],[127.572,39.6197],[127.5537,39.6385],[127.514,39.6515],[127.5034,39.709],[127.5247,39.7477],[127.5537,39.763],[127.5643,39.7853],[127.5796,39.7993],[127.6116,39.8122],[127.6253,39.8322],[127.6512,39.8228],[127.6649,39.8087],[127.6832,39.8193],[127.6985,39.8497],[127.7305,39.8591],[127.7671,39.8568],[127.7945,39.8685],[127.7991,39.8779],[127.7838,39.8872],[127.8783,39.8954],[127.892,39.9633],[127.9103,39.9867],[127.9317,39.975],[127.9423,39.9762],[127.9682,40.0065],[128.0002,40.0217],[128.0109,40.0474],[128.1405,40.0288],[128.1588,40.0182],[128.1953,40.0323],[128.238,40.0323],[128.2304,40.0591],[128.238,40.0696],[128.267,40.079],[128.2853,40.0673],[128.3066,40.0358],[128.331,40.0299],[128.3416,40.0696],[128.3676,40.1],[128.4148,40.0977],[128.4392,40.1058],[128.4819,40.1373],[128.5108,40.1373],[128.5291,40.1455],[128.5474,40.1688],[128.5901,40.1886],[128.6297,40.1828],[128.6663,40.2026],[128.6693,40.2434],[128.6587,40.2597],[128.619,40.2737],[128.6221,40.2993],[128.6404,40.3156],[128.6587,40.3226],[128.6587,40.3121],[128.6739,40.3121],[128.6907,40.333],[128.7242,40.3412],[128.7562,40.3377],[128.7669,40.3482],[128.8172,40.3563],[128.8309,40.3703],[128.8644,40.3737],[128.9787,40.4632],[129.0336,40.476],[129.0793,40.4748],[129.1632,40.5676],[129.1738,40.5711],[129.1769,40.607],[129.1982,40.6406],[129.2195,40.6996],[129.2348,40.7077],[129.2744,40.7112],[129.2881,40.6857],[129.3064,40.6753],[129.3537,40.7482],[129.4283,40.784],[129.4786,40.7956],[129.5076,40.7944],[129.5335,40.8094],[129.5549,40.8129],[129.5549,40.8314],[129.5731,40.8429],[129.6661,40.8418],[129.6981,40.8487],[129.7088,40.8383],[129.721,40.8383],[129.7377,40.8741],[129.7347,40.8937],[129.756,40.9121],[129.756,40.941],[129.7667,40.9479],[129.7316,40.9813],[129.721,41.0596],[129.7316,41.0883],[129.7134,41.1251],[129.7606,41.2962],[129.7713,41.318],[129.788,41.3283],[129.8063,41.3787],[129.7987,41.389],[129.7713,41.389],[129.7606,41.3959],[129.7377,41.4245],[129.7164,41.4222],[129.6631,41.4679],[129.6554,41.4965],[129.6631,41.5296],[129.6524,41.5525],[129.6692,41.5799],[129.692,41.6529],[129.7164,41.678],[129.753,41.6996],[129.7774,41.7623],[129.814,41.7805],[129.8277,41.7805],[129.846,41.7623],[129.8536,41.7668],[129.8566,41.7839],[129.8719,41.7941],[129.8856,41.8283],[129.8856,41.8601],[129.9008,41.9078],[129.9145,41.9146],[129.9405,41.9078],[129.9466,41.8976],[129.9572,41.8953],[129.9648,41.9021],[129.9755,41.9453],[129.9862,41.9589],[130.0045,41.9646],[129.9831,41.985],[130.0045,41.994],[130.0045,42.0145],[130.0151,42.0179],[130.0304,41.9952],[130.0365,41.9986],[130.0471,42.0394],[130.0548,42.0541],[130.07,42.0541],[130.0761,42.0813],[130.0944,42.0938],[130.1233,42.0938],[130.1523,42.0779],[130.1706,42.0802],[130.163,42.0881],[130.1767,42.1017],[130.1874,42.1074],[130.2026,42.1051],[130.2026,42.1764],[130.2316,42.1866],[130.2956,42.2408],[130.3108,42.2408],[130.3169,42.2216],[130.3108,42.1866],[130.3322,42.1945],[130.3352,42.2171],[130.3535,42.2205],[130.3718,42.2352],[130.3611,42.2476],[130.3672,42.2589],[130.3794,42.2611],[130.4038,42.2453],[130.4068,42.2645],[130.3931,42.2679],[130.3855,42.295],[130.4068,42.3119],[130.4068,42.3289],[130.4221,42.3289],[130.4404,42.3131],[130.4587,42.3153],[130.4724,42.3255],[130.4693,42.339],[130.483,42.3435],[130.512,42.3401],[130.541,42.3221],[130.5699,42.3187],[130.5989,42.3018],[130.5989,42.2657],[130.7025,42.2984],[130.6629,42.3255],[130.6598,42.3875],[130.6492,42.4044],[130.5882,42.4359],[130.576,42.4495],[130.5257,42.553],[130.5196,42.6035],[130.5044,42.6136],[130.4861,42.6136],[130.4693,42.6035],[130.4587,42.5889],[130.4724,42.5732],[130.4693,42.5586],[130.4541,42.553],[130.4327,42.5653],[130.4297,42.6035],[130.4221,42.6091],[130.3931,42.6103],[130.3245,42.654],[130.3169,42.6709],[130.2636,42.7124],[130.2453,42.7471],[130.2559,42.8703],[130.2422,42.906],[130.195,42.9128],[130.1416,42.9116],[130.102,42.925],[130.131,42.9641],[130.134,42.9775],[130.1233,42.9854],[130.0471,42.9653],[129.9968,42.9653],[129.9725,42.9775],[129.9359,43.0121],[129.9222,43.0144],[129.8825,43.001],[129.8856,42.992],[129.9069,42.9809],[129.8642,42.9742],[129.8536,42.9653],[129.8505,42.9317],[129.7987,42.8401],[129.7926,42.7964],[129.7637,42.7505],[129.756,42.7258],[129.7606,42.7068],[129.788,42.6877],[129.788,42.681],[129.7743,42.6664],[129.7774,42.6507],[129.753,42.6462],[129.7423,42.6327],[129.7484,42.6192],[129.7637,42.6159],[129.7637,42.6103],[129.7377,42.5889],[129.7316,42.4787],[129.7057,42.4461],[129.6737,42.4416],[129.5945,42.4517],[129.5914,42.4145],[129.5655,42.4078],[129.5549,42.3807],[129.5366,42.374],[129.5183,42.3943],[129.4893,42.4055],[129.436,42.445],[129.3887,42.4314],[129.3643,42.4483],[129.343,42.4483],[129.3537,42.4247],[129.3384,42.4179],[129.3278,42.4292],[129.3171,42.4258],[129.3064,42.392],[129.2455,42.383],[129.2302,42.3627],[129.2302,42.3537],[129.2455,42.3424],[129.2378,42.3266],[129.1952,42.3221],[129.1952,42.3153],[129.2302,42.3018],[129.2195,42.295],[129.2134,42.2713],[129.1845,42.2577],[129.1875,42.2385],[129.2134,42.2385],[129.2134,42.2239],[129.1235,42.1526],[129.09,42.1458],[129.0656,42.1572],[129.0656,42.139],[129.029,42.1051],[128.965,42.0915],[128.9437,42.0394],[128.9071,42.0292],[128.8202,42.0473],[128.7242,42.0507],[128.712,42.0349],[128.6846,42.0292],[128.6114,42.0349],[128.5901,42.0247],[128.5764,42.0077],[128.5657,42.0043],[128.5474,42.0111],[128.5047,41.9986],[128.4575,42.0145],[128.4102,42.0122],[128.3676,42.0292],[128.2624,42.036],[128.1039,42.002],[128.0368,41.9975],[128.0216,41.968],[128.0505,41.8669],[128.0612,41.8533],[128.0932,41.8453],[128.1481,41.7577],[128.1618,41.7144],[128.2517,41.6632],[128.2853,41.6255],[128.2853,41.6084],[128.3066,41.5867],[128.2914,41.5479],[128.1877,41.4073],[128.1481,41.3787],[128.1085,41.3821],[128.1222,41.3959],[128.1085,41.4027],[128.0902,41.3924],[128.0688,41.3924],[128.0505,41.4027],[128.0536,41.4245],[128.0185,41.4165],[128.014,41.4634],[128.0033,41.4736],[127.9789,41.4531],[127.9469,41.4736],[127.9073,41.4702],[127.8844,41.4634],[127.8676,41.4416],[127.8524,41.4348],[127.8311,41.4359],[127.8128,41.4462],[127.7884,41.4393],[127.6939,41.4416],[127.6619,41.4496],[127.6406,41.4325],[127.6009,41.4531],[127.5613,41.4611],[127.5476,41.4714],[127.5476,41.4931],[127.5293,41.4874],[127.479,41.5022],[127.4317,41.4874],[127.4058,41.4874],[127.3814,41.5022],[127.3494,41.4931],[127.3098,41.4965],[127.2732,41.5091],[127.2915,41.5228],[127.2839,41.5342],[127.2489,41.5308],[127.2092,41.5491],[127.1833,41.5205],[127.1589,41.5342],[127.1361,41.5262],[127.133,41.5342],[127.1086,41.5411],[127.1223,41.5593],[127.1406,41.573],[127.1833,41.5879],[127.1696,41.5982],[127.101,41.6153],[127.1086,41.629],[127.0614,41.6461],[127.0538,41.6814],[127.0797,41.6848],[127.0461,41.7349],[127.0355,41.7349],[126.9852,41.7668],[126.9501,41.7691],[126.9425,41.7759],[126.9425,41.7975],[126.9318,41.8044],[126.8922,41.7873],[126.8663,41.7509],[126.813,41.7338],[126.7916,41.6996],[126.7306,41.7406],[126.7017,41.7441],[126.6834,41.7384],[126.691,41.727],[126.7306,41.7053],[126.6834,41.6746],[126.6224,41.6689],[126.5721,41.6175],[126.5859,41.5776],[126.5615,41.5376],[126.5462,41.4919],[126.5036,41.4382],[126.5249,41.381],[126.5249,41.3546],[126.4929,41.3466],[126.5036,41.3684],[126.4746,41.3707],[126.4456,41.3512],[126.3953,41.3065],[126.3588,41.2515],[126.313,41.2113],[126.2658,41.1458],[126.1515,41.0952],[126.1286,41.078],[126.1439,41.0596],[126.1042,41.0251],[126.1073,41.0124],[126.0783,40.9997],[126.0753,40.9836],[126.0494,40.9479],[126.0326,40.9375],[125.996,40.9306],[125.9854,40.9156],[126.0143,40.9156],[126.0097,40.9018],[125.9671,40.8937],[125.9381,40.8798],[125.9061,40.9018],[125.8878,40.9006],[125.8268,40.8718],[125.7659,40.8891],[125.7506,40.8706],[125.7125,40.8637],[125.6866,40.8498],[125.647,40.8129],[125.6866,40.7725],[125.6729,40.7655],[125.615,40.7632],[125.6043,40.7759],[125.5754,40.7875],[125.5647,40.7806],[125.5495,40.7285],[125.4809,40.7216],[125.4595,40.6961],[125.4565,40.6753],[125.4245,40.6695],[125.4169,40.6336],[125.3879,40.6371],[125.3772,40.6475],[125.3406,40.6441],[125.298,40.651],[125.2797,40.6452],[125.2614,40.6163],[125.1867,40.5966],[125.0785,40.5502],[125.0282,40.5375],[125.0206,40.5108],[125.0495,40.4725],[125.0465,40.4632],[124.9383,40.4574],[124.8987,40.4864],[124.856,40.4342],[124.8057,40.397],[124.7432,40.3737],[124.7188,40.3121],[124.6472,40.297],[124.574,40.2551],[124.5572,40.2388],[124.5527,40.2224],[124.5313,40.2166],[124.3728,40.1],[124.3942,40.0509],[124.417,40.0393],[124.5024,40.0252],[124.4704,40.0171],[124.4094,40.0299],[124.3881,40.0054],[124.3728,39.9422],[124.3378,39.927],[124.3271,39.9153],[124.3484,39.9024],[124.3667,39.8732],[124.4018,39.8685],[124.4231,39.8263],[124.4384,39.8322],[124.5679,39.8158],[124.571,39.7806],[124.5923,39.7689],[124.5893,39.7266],[124.6136,39.7161],[124.6289,39.6961],[124.6502,39.6996],[124.6502,39.6726],[124.6365,39.6656],[124.6319,39.6468],[124.6136,39.6303],[124.6213,39.6162],[124.6319,39.6127],[124.6289,39.5998],[124.6426,39.5927],[124.6533,39.615],[124.6792,39.6233],[124.7005,39.6397],[124.7219,39.6479],[124.7478,39.6468],[124.7325,39.6667],[124.7584,39.6738],[124.7615,39.6891],[124.7478,39.6926],[124.7584,39.736],[124.7432,39.763],[124.7508,39.7853],[124.7661,39.7501],[124.7767,39.7431],[124.8057,39.7419],[124.8087,39.7325],[124.8514,39.7231],[124.8849,39.7055],[124.8987,39.6938],[124.9063,39.6632],[124.9413,39.6479],[124.952,39.6656],[124.9627,39.6632],[124.9916,39.6397],[125.013,39.6362],[125.0419,39.6092],[125.0998,39.6045],[125.1212,39.5668],[125.176,39.5657],[125.1608,39.5927],[125.2294,39.5927],[125.2157,39.5739],[125.2401,39.5645],[125.2904,39.5233],[125.4489,39.5856],[125.4565,39.5727],[125.4534,39.5586],[125.4458,39.5492],[125.4169,39.5398],[125.4016,39.5033],[125.3483,39.4609],[125.3483,39.4361],[125.3879,39.442],[125.3635,39.4149],[125.3635,39.3996],[125.4641,39.3866],[125.4489,39.3677],[125.4275,39.3595],[125.4092,39.3666],[125.4245,39.3524],[125.4199,39.3229],[125.4489,39.3123],[125.3986,39.2485],[125.4169,39.2154],[125.3696,39.2225],[125.3483,39.2142],[125.3346,39.1953],[125.3483,39.1705],[125.3117,39.1669],[125.2904,39.1539],[125.298,39.1444],[125.2873,39.0911],[125.3376,39.084],[125.2766,39.0829],[125.2157,39.0034],[125.205,38.9762],[125.176,38.9406],[125.1395,38.8051],[125.1501,38.7778],[125.176,38.7647],[125.1943,38.7397],[125.2218,38.7409],[125.234,38.773],[125.2294,38.7968],[125.2446,38.7956],[125.2583,38.7849],[125.2583,38.7635],[125.2721,38.7564],[125.2477,38.729],[125.266,38.7087],[125.2843,38.704],[125.3117,38.7087],[125.301,38.723],[125.3056,38.7361],[125.3193,38.723],[125.3452,38.7195],[125.3559,38.723],[125.3589,38.7361],[125.3666,38.7361],[125.3772,38.723],[125.3909,38.7195],[125.4382,38.7373],[125.4169,38.7564],[125.4275,38.7564],[125.4412,38.7766],[125.4534,38.7778],[125.4809,38.729],[125.5312,38.723],[125.5937,38.6671],[125.6363,38.6599],[125.6607,38.6325],[125.6439,38.6277],[125.5891,38.6432],[125.5601,38.679],[125.5495,38.6802],[125.5357,38.6551],[125.5251,38.6528],[125.5098,38.6873],[125.4672,38.7087],[125.4565,38.7052],[125.4458,38.6873],[125.4016,38.6956],[125.3483,38.6885],[125.3056,38.6587],[125.2721,38.6718],[125.208,38.6528],[125.1821,38.6718],[125.1867,38.6432],[125.1821,38.6361],[125.1608,38.6325],[125.1425,38.6635],[125.1288,38.6671],[125.1212,38.6468],[125.1395,38.6265],[125.1395,38.592],[125.1318,38.58],[125.1075,38.5943],[125.0648,38.5693],[125.0419,38.592],[125.0206,38.5836],[125.0023,38.5943],[124.9886,38.592],[124.9855,38.586],[125.0023,38.5669],[124.9992,38.5371],[125.0252,38.5168],[125.0206,38.4989],[124.9779,38.4415],[124.9779,38.4642],[124.952,38.4523],[124.8849,38.3458],[124.8727,38.2836],[124.8773,38.2572],[124.92,38.2297],[124.9703,38.2357],[124.9962,38.2273],[124.923,38.1901],[124.8849,38.2309],[124.859,38.2273],[124.827,38.1865],[124.7828,38.1805],[124.7691,38.1565],[124.7508,38.1481],[124.7005,38.1457],[124.6792,38.1373],[124.6716,38.1265],[124.6822,38.1157],[124.7981,38.0989],[124.8453,38.1025],[124.8697,38.1073],[124.891,38.1325],[124.9093,38.1265],[124.9413,38.0989],[125.0175,38.0641],[125.1425,38.0989],[125.2111,38.0833],[125.269,38.0785],[125.2766,38.0641],[125.2583,38.0544],[125.2507,38.0208],[125.2294,38.0232],[125.2187,38.046],[125.205,38.0496],[125.1212,38.0436],[125.1105,38.0352],[125.1212,38.0004],[125.1471,37.9835],[125.1715,37.9823],[125.1821,37.9895],[125.1898,37.9811],[125.1684,37.9643],[125.1395,37.9607],[125.0785,37.9811],[124.9962,37.9534],[124.9855,37.927],[125.0175,37.9402],[125.0099,37.9197],[125.0175,37.9065],[125.0678,37.8957],[125.0922,37.8788],[125.1791,37.868],[125.2111,37.8812],[125.2446,37.9306],[125.266,37.933],[125.2614,37.9149],[125.3056,37.8957],[125.3117,37.8788],[125.298,37.8607],[125.2553,37.839],[125.2446,37.8234],[125.3056,37.8234],[125.3117,37.8101],[125.33,37.8137],[125.3803,37.8439],[125.3513,37.8656],[125.4016,37.8656],[125.4489,37.8439],[125.4489,37.8607],[125.3879,37.8933],[125.4351,37.8993],[125.4275,37.9125],[125.4489,37.9209],[125.4672,37.9041],[125.5144,37.8945],[125.5144,37.8848],[125.4809,37.8571],[125.5037,37.8402],[125.5312,37.8439],[125.5281,37.8186],[125.5098,37.8137],[125.4595,37.8234],[125.4382,37.8198],[125.3955,37.7969],[125.3803,37.7824],[125.3986,37.7764],[125.4351,37.7812],[125.4489,37.7739],[125.3955,37.7546],[125.3666,37.7607],[125.3513,37.739],[125.3376,37.687],[125.3513,37.6762],[125.3666,37.6798],[125.3879,37.7172],[125.4412,37.7208],[125.4778,37.7317],[125.5068,37.78],[125.5312,37.7969],[125.5251,37.7812],[125.5312,37.7727],[125.554,37.7715],[125.5571,37.7824],[125.5754,37.7884],[125.586,37.7824],[125.5784,37.7739],[125.5967,37.7643],[125.6257,37.7655],[125.615,37.8065],[125.6439,37.8137],[125.647,37.8234],[125.6257,37.8366],[125.6439,37.8571],[125.6333,37.9029],[125.6363,37.927],[125.6729,37.8993],[125.6897,37.8993],[125.7186,37.9077],[125.7445,37.927],[125.7369,37.933],[125.7003,37.927],[125.7232,37.9534],[125.7049,37.9583],[125.6836,37.9534],[125.6897,37.9727],[125.679,37.9787],[125.6439,37.9739],[125.5997,37.9919],[125.583,38.01],[125.583,38.0268],[125.5997,38.0328],[125.6257,38.0328],[125.6897,38.0124],[125.7583,38.0064],[125.8025,37.9943],[125.8086,37.9522],[125.8375,37.9438],[125.8985,37.8656],[125.9244,37.8451],[125.9488,37.8439],[125.9884,37.8234],[125.9777,37.874],[125.9533,37.8896],[125.9488,37.9029],[125.964,37.9125],[126.0036,37.886],[126.0174,37.8559],[126.028,37.8535],[126.0616,37.8704],[126.0677,37.8029],[126.089,37.8017],[126.1034,37.7675]]]}},{"type":"Feature","properties":{"id":"front-armistice","beat":"armistice","kind":"front","date":"27 Jul 1953","line":"Military Demarcation Line"},"geometry":{"type":"Polygon","coordinates":[[[126.1018,37.7852],[126.1189,37.7862],[126.1541,37.7881],[126.1893,37.79],[126.2245,37.792],[126.2596,37.7939],[126.2948,37.7958],[126.33,37.7978],[126.3651,37.7997],[126.4003,37.8016],[126.4355,37.8036],[126.4706,37.8055],[126.5058,37.8074],[126.541,37.8094],[126.5761,37.8113],[126.6113,37.8132],[126.6465,37.8152],[126.6779,37.8167],[126.6985,37.8238],[126.7167,37.8428],[126.7385,37.8647],[126.7604,37.8865],[126.7822,37.9084],[126.804,37.9302],[126.8258,37.9521],[126.8476,37.9739],[126.8694,37.9958],[126.8912,38.0176],[126.913,38.0394],[126.9348,38.0612],[126.9566,38.083],[126.9789,38.1053],[127.0035,38.1265],[127.0286,38.1465],[127.0533,38.1662],[127.0781,38.186],[127.1028,38.2057],[127.1276,38.2254],[127.1524,38.2451],[127.1771,38.2648],[127.2019,38.2845],[127.2304,38.3066],[127.2696,38.3178],[127.3086,38.318],[127.3438,38.318],[127.3791,38.318],[127.4143,38.318],[127.4496,38.318],[127.4848,38.318],[127.5201,38.318],[127.5553,38.318],[127.5906,38.318],[127.6258,38.318],[127.6611,38.318],[127.6964,38.318],[127.7316,38.318],[127.7669,38.318],[127.8021,38.318],[127.8354,38.318],[127.8662,38.3224],[127.8984,38.3305],[127.9319,38.3389],[127.9655,38.3474],[127.9991,38.3558],[128.032,38.3641],[128.0639,38.3737],[128.0959,38.3845],[128.1284,38.3953],[128.1608,38.4062],[128.1932,38.417],[128.2256,38.4279],[128.258,38.4387],[128.2905,38.4496],[128.3219,38.4601],[128.3503,38.472],[128.3767,38.488],[128.4047,38.5048],[128.4326,38.5217],[128.4562,38.4914],[128.4288,38.5193],[128.46,38.4938],[128.4321,38.4769],[128.4042,38.4601],[128.3747,38.4425],[128.3415,38.4284],[128.3081,38.4172],[128.2757,38.4063],[128.2433,38.3955],[128.2109,38.3846],[128.1785,38.3738],[128.146,38.3629],[128.1136,38.352],[128.0808,38.3411],[128.047,38.3308],[128.0128,38.3222],[127.9792,38.3138],[127.9457,38.3053],[127.9121,38.2969],[127.8771,38.2881],[127.8394,38.2828],[127.8021,38.2828],[127.7669,38.2828],[127.7316,38.2828],[127.6964,38.2828],[127.6611,38.2828],[127.6258,38.2828],[127.5906,38.2828],[127.5553,38.2828],[127.5201,38.2828],[127.4848,38.2828],[127.4496,38.2828],[127.4143,38.2828],[127.3791,38.2828],[127.3438,38.2828],[127.3086,38.2828],[127.277,38.283],[127.2549,38.277],[127.2339,38.2597],[127.2091,38.24],[127.1844,38.2203],[127.1596,38.2006],[127.1349,38.1809],[127.1101,38.1611],[127.0853,38.1414],[127.0606,38.1217],[127.0361,38.1021],[127.0132,38.0824],[126.9919,38.0611],[126.9701,38.0393],[126.9483,38.0175],[126.9265,37.9957],[126.9047,37.9738],[126.8829,37.952],[126.8611,37.9302],[126.8393,37.9083],[126.8175,37.8864],[126.7957,37.8646],[126.7739,37.8427],[126.7521,37.8208],[126.7267,37.7961],[126.6885,37.7821],[126.6496,37.7797],[126.6144,37.7778],[126.5793,37.7759],[126.5441,37.7739],[126.5089,37.772],[126.4737,37.7701],[126.4386,37.7681],[126.4034,37.7662],[126.3682,37.7643],[126.3331,37.7623],[126.2979,37.7604],[126.2627,37.7584],[126.2276,37.7565],[126.1924,37.7546],[126.1572,37.7526],[126.1221,37.7507],[126.105,37.7498],[126.1018,37.7852]]]}},{"type":"Feature","properties":{"id":"parallel-38","kind":"reference","label":"38th parallel"},"geometry":{"type":"Polygon","coordinates":[[[125.1212,38.0181],[125.1224,38.0181],[125.166,38.0181],[125.2097,38.0181],[125.2534,38.0181],[125.297,38.0181],[125.3407,38.0181],[125.3844,38.0181],[125.4281,38.0181],[125.4717,38.0181],[125.5154,38.0181],[125.5591,38.0181],[125.6028,38.0181],[125.6464,38.0181],[125.6901,38.0181],[125.7338,38.0181],[125.7775,38.0181],[125.8211,38.0181],[125.8648,38.0181],[125.9085,38.0181],[125.9522,38.0181],[125.9958,38.0181],[126.0395,38.0181],[126.0832,38.0181],[126.1269,38.0181],[126.1705,38.0181],[126.2142,38.0181],[126.2579,38.0181],[126.3015,38.0181],[126.3452,38.0181],[126.3889,38.0181],[126.4326,38.0181],[126.4762,38.0181],[126.5199,38.0181],[126.5636,38.0181],[126.6073,38.0181],[126.6509,38.0181],[126.6946,38.0181],[126.7383,38.0181],[126.782,38.0181],[126.8256,38.0181],[126.8693,38.0181],[126.913,38.0181],[126.9567,38.0181],[127.0003,38.0181],[127.044,38.0181],[127.0877,38.0181],[127.1314,38.0181],[127.175,38.0181],[127.2187,38.0181],[127.2624,38.0181],[127.3061,38.0181],[127.3497,38.0181],[127.3934,38.0181],[127.4371,38.0181],[127.4807,38.0181],[127.5244,38.0181],[127.5681,38.0181],[127.6118,38.0181],[127.6554,38.0181],[127.6991,38.0181],[127.7428,38.0181],[127.7865,38.0181],[127.8301,38.0181],[127.8738,38.0181],[127.9175,38.0181],[127.9612,38.0181],[128.0048,38.0181],[128.0485,38.0181],[128.0922,38.0181],[128.1359,38.0181],[128.1795,38.0181],[128.2232,38.0181],[128.2669,38.0181],[128.3106,38.0181],[128.3542,38.0181],[128.3979,38.0181],[128.4416,38.0181],[128.4852,38.0181],[128.5289,38.0181],[128.5726,38.0181],[128.6163,38.0181],[128.6599,38.0181],[128.7036,38.0181],[128.7473,38.0181],[128.791,38.0181],[128.7556,37.9827],[128.7556,38.0181],[128.791,37.9827],[128.7473,37.9827],[128.7036,37.9827],[128.6599,37.9827],[128.6163,37.9827],[128.5726,37.9827],[128.5289,37.9827],[128.4852,37.9827],[128.4416,37.9827],[128.3979,37.9827],[128.3542,37.9827],[128.3106,37.9827],[128.2669,37.9827],[128.2232,37.9827],[128.1795,37.9827],[128.1359,37.9827],[128.0922,37.9827],[128.0485,37.9827],[128.0048,37.9827],[127.9612,37.9827],[127.9175,37.9827],[127.8738,37.9827],[127.8301,37.9827],[127.7865,37.9827],[127.7428,37.9827],[127.6991,37.9827],[127.6554,37.9827],[127.6118,37.9827],[127.5681,37.9827],[127.5244,37.9827],[127.4807,37.9827],[127.4371,37.9827],[127.3934,37.9827],[127.3497,37.9827],[127.3061,37.9827],[127.2624,37.9827],[127.2187,37.9827],[127.175,37.9827],[127.1314,37.9827],[127.0877,37.9827],[127.044,37.9827],[127.0003,37.9827],[126.9567,37.9827],[126.913,37.9827],[126.8693,37.9827],[126.8256,37.9827],[126.782,37.9827],[126.7383,37.9827],[126.6946,37.9827],[126.6509,37.9827],[126.6073,37.9827],[126.5636,37.9827],[126.5199,37.9827],[126.4762,37.9827],[126.4326,37.9827],[126.3889,37.9827],[126.3452,37.9827],[126.3015,37.9827],[126.2579,37.9827],[126.2142,37.9827],[126.1705,37.9827],[126.1269,37.9827],[126.0832,37.9827],[126.0395,37.9827],[125.9958,37.9827],[125.9522,37.9827],[125.9085,37.9827],[125.8648,37.9827],[125.8211,37.9827],[125.7775,37.9827],[125.7338,37.9827],[125.6901,37.9827],[125.6464,37.9827],[125.6028,37.9827],[125.5591,37.9827],[125.5154,37.9827],[125.4717,37.9827],[125.4281,37.9827],[125.3844,37.9827],[125.3407,37.9827],[125.297,37.9827],[125.2534,37.9827],[125.2097,37.9827],[125.166,37.9827],[125.1224,37.9827],[125.1212,37.9827],[125.1212,38.0181]]]}}]}